Copyright 1986-2022 Xilinx, Inc. All Rights Reserved. Copyright 2022-2023 Advanced Micro Devices, Inc. All Rights Reserved.
-----------------------------------------------------------------------------------------------------------------------------------------------------------------------------------------------------------
| Tool Version      : Vivado v.2023.2 (lin64) Build 4029153 Fri Oct 13 20:13:54 MDT 2023
| Date              : Fri May 22 13:43:47 2026
| Host              : alfonso-Modern-14-B4MW running 64-bit Ubuntu 24.04.2 LTS
| Command           : report_timing_summary -max_paths 10 -report_unconstrained -file top_timing_summary_routed.rpt -pb top_timing_summary_routed.pb -rpx top_timing_summary_routed.rpx -warn_on_violation
| Design            : top
| Device            : xcu280-fsvh2892
| Speed File        : -2L  PRODUCTION 1.30 05-01-2022
| Design State      : Routed
| Temperature Grade : E
-----------------------------------------------------------------------------------------------------------------------------------------------------------------------------------------------------------

Timing Summary Report

------------------------------------------------------------------------------------------------
| Timer Settings
| --------------
------------------------------------------------------------------------------------------------

  Enable Multi Corner Analysis               :  Yes
  Enable Pessimism Removal                   :  Yes
  Pessimism Removal Resolution               :  Nearest Common Node
  Enable Input Delay Default Clock           :  No
  Enable Preset / Clear Arcs                 :  No
  Disable Flight Delays                      :  No
  Ignore I/O Paths                           :  No
  Timing Early Launch at Borrowing Latches   :  No
  Borrow Time for Max Delay Exceptions       :  Yes
  Merge Timing Exceptions                    :  Yes
  Inter-SLR Compensation                     :  Conservative

  Corner  Analyze    Analyze    
  Name    Max Paths  Min Paths  
  ------  ---------  ---------  
  Slow    Yes        Yes        
  Fast    Yes        Yes        


------------------------------------------------------------------------------------------------
| Report Methodology
| ------------------
------------------------------------------------------------------------------------------------

Rule      Severity  Description                          Violations  
--------  --------  -----------------------------------  ----------  
LUTAR-1   Warning   LUT drives async reset alert         1           
SYNTH-15  Warning   Byte wide write enable not inferred  64          

Note: This report is based on the most recent report_methodology run and may not be up-to-date. Run report_methodology on the current design for the latest report.



check_timing report

Table of Contents
-----------------
1. checking no_clock (0)
2. checking constant_clock (0)
3. checking pulse_width_clock (0)
4. checking unconstrained_internal_endpoints (0)
5. checking no_input_delay (1)
6. checking no_output_delay (1)
7. checking multiple_clock (0)
8. checking generated_clocks (0)
9. checking loops (0)
10. checking partial_input_delay (0)
11. checking partial_output_delay (0)
12. checking latch_loops (0)

1. checking no_clock (0)
------------------------
 There are 0 register/latch pins with no clock.


2. checking constant_clock (0)
------------------------------
 There are 0 register/latch pins with constant_clock.


3. checking pulse_width_clock (0)
---------------------------------
 There are 0 register/latch pins which need pulse_width check


4. checking unconstrained_internal_endpoints (0)
------------------------------------------------
 There are 0 pins that are not constrained for maximum delay.

 There are 0 pins that are not constrained for maximum delay due to constant clock.


5. checking no_input_delay (1)
------------------------------
 There is 1 input port with no input delay specified. (HIGH)

 There are 0 input ports with no input delay but user has a false path constraint.


6. checking no_output_delay (1)
-------------------------------
 There is 1 port with no output delay specified. (HIGH)

 There are 0 ports with no output delay but user has a false path constraint

 There are 0 ports with no output delay but with a timing clock defined on it or propagating through it


7. checking multiple_clock (0)
------------------------------
 There are 0 register/latch pins with multiple clocks.


8. checking generated_clocks (0)
--------------------------------
 There are 0 generated clocks that are not connected to a clock source.


9. checking loops (0)
---------------------
 There are 0 combinational loops in the design.


10. checking partial_input_delay (0)
------------------------------------
 There are 0 input ports with partial input delay specified.


11. checking partial_output_delay (0)
-------------------------------------
 There are 0 ports with partial output delay specified.


12. checking latch_loops (0)
----------------------------
 There are 0 combinational latch loops in the design through latch input



------------------------------------------------------------------------------------------------
| Design Timing Summary
| ---------------------
------------------------------------------------------------------------------------------------

    WNS(ns)      TNS(ns)  TNS Failing Endpoints  TNS Total Endpoints      WHS(ns)      THS(ns)  THS Failing Endpoints  THS Total Endpoints     WPWS(ns)     TPWS(ns)  TPWS Failing Endpoints  TPWS Total Endpoints  
    -------      -------  ---------------------  -------------------      -------      -------  ---------------------  -------------------     --------     --------  ----------------------  --------------------  
     15.481        0.000                      0                 9095        0.003        0.000                      0                 9095        2.750        0.000                       0                  2805  


All user specified timing constraints are met.


------------------------------------------------------------------------------------------------
| Clock Summary
| -------------
------------------------------------------------------------------------------------------------

Clock                 Waveform(ns)         Period(ns)      Frequency(MHz)
-----                 ------------         ----------      --------------
USER_SI570_CLOCK_P    {0.000 3.200}        6.400           156.250         
  clk_out1_clk_wiz_0  {0.000 10.000}       20.000          50.000          


------------------------------------------------------------------------------------------------
| Intra Clock Table
| -----------------
------------------------------------------------------------------------------------------------

Clock                     WNS(ns)      TNS(ns)  TNS Failing Endpoints  TNS Total Endpoints      WHS(ns)      THS(ns)  THS Failing Endpoints  THS Total Endpoints     WPWS(ns)     TPWS(ns)  TPWS Failing Endpoints  TPWS Total Endpoints  
-----                     -------      -------  ---------------------  -------------------      -------      -------  ---------------------  -------------------     --------     --------  ----------------------  --------------------  
USER_SI570_CLOCK_P                                                                                                                                                      2.750        0.000                       0                     1  
  clk_out1_clk_wiz_0       15.481        0.000                      0                 8605        0.003        0.000                      0                 8605        9.458        0.000                       0                  2804  


------------------------------------------------------------------------------------------------
| Inter Clock Table
| -----------------
------------------------------------------------------------------------------------------------

From Clock    To Clock          WNS(ns)      TNS(ns)  TNS Failing Endpoints  TNS Total Endpoints      WHS(ns)      THS(ns)  THS Failing Endpoints  THS Total Endpoints  
----------    --------          -------      -------  ---------------------  -------------------      -------      -------  ---------------------  -------------------  


------------------------------------------------------------------------------------------------
| Other Path Groups Table
| -----------------------
------------------------------------------------------------------------------------------------

Path Group          From Clock          To Clock                WNS(ns)      TNS(ns)  TNS Failing Endpoints  TNS Total Endpoints      WHS(ns)      THS(ns)  THS Failing Endpoints  THS Total Endpoints  
----------          ----------          --------                -------      -------  ---------------------  -------------------      -------      -------  ---------------------  -------------------  
**async_default**   clk_out1_clk_wiz_0  clk_out1_clk_wiz_0       17.366        0.000                      0                  490        0.338        0.000                      0                  490  


------------------------------------------------------------------------------------------------
| User Ignored Path Table
| -----------------------
------------------------------------------------------------------------------------------------

Path Group    From Clock    To Clock    
----------    ----------    --------    


------------------------------------------------------------------------------------------------
| Unconstrained Path Table
| ------------------------
------------------------------------------------------------------------------------------------

Path Group          From Clock          To Clock          
----------          ----------          --------          
(none)              clk_out1_clk_wiz_0                      
(none)                                  clk_out1_clk_wiz_0  


------------------------------------------------------------------------------------------------
| Timing Details
| --------------
------------------------------------------------------------------------------------------------


---------------------------------------------------------------------------------------------------
From Clock:  USER_SI570_CLOCK_P
  To Clock:  USER_SI570_CLOCK_P

Setup :           NA  Failing Endpoints,  Worst Slack           NA  ,  Total Violation           NA
Hold  :           NA  Failing Endpoints,  Worst Slack           NA  ,  Total Violation           NA
PW    :            0  Failing Endpoints,  Worst Slack        2.750ns,  Total Violation        0.000ns
---------------------------------------------------------------------------------------------------


Pulse Width Checks
--------------------------------------------------------------------------------------
Clock Name:         USER_SI570_CLOCK_P
Waveform(ns):       { 0.000 3.200 }
Period(ns):         6.400
Sources:            { USER_SI570_CLOCK_P }

Check Type        Corner  Lib Pin          Reference Pin  Required(ns)  Actual(ns)  Slack(ns)  Location   Pin
Min Period        n/a     PLLE4_ADV/CLKIN  n/a            1.071         6.400       5.329      PLL_X0Y23  pll_50MHz_inst/inst/plle4_adv_inst/CLKIN
Max Period        n/a     PLLE4_ADV/CLKIN  n/a            14.286        6.400       7.886      PLL_X0Y23  pll_50MHz_inst/inst/plle4_adv_inst/CLKIN
Low Pulse Width   Slow    PLLE4_ADV/CLKIN  n/a            0.450         3.200       2.750      PLL_X0Y23  pll_50MHz_inst/inst/plle4_adv_inst/CLKIN
Low Pulse Width   Fast    PLLE4_ADV/CLKIN  n/a            0.450         3.200       2.750      PLL_X0Y23  pll_50MHz_inst/inst/plle4_adv_inst/CLKIN
High Pulse Width  Slow    PLLE4_ADV/CLKIN  n/a            0.450         3.200       2.750      PLL_X0Y23  pll_50MHz_inst/inst/plle4_adv_inst/CLKIN
High Pulse Width  Fast    PLLE4_ADV/CLKIN  n/a            0.450         3.200       2.750      PLL_X0Y23  pll_50MHz_inst/inst/plle4_adv_inst/CLKIN



---------------------------------------------------------------------------------------------------
From Clock:  clk_out1_clk_wiz_0
  To Clock:  clk_out1_clk_wiz_0

Setup :            0  Failing Endpoints,  Worst Slack       15.481ns,  Total Violation        0.000ns
Hold  :            0  Failing Endpoints,  Worst Slack        0.003ns,  Total Violation        0.000ns
PW    :            0  Failing Endpoints,  Worst Slack        9.458ns,  Total Violation        0.000ns
---------------------------------------------------------------------------------------------------


Max Delay Paths
--------------------------------------------------------------------------------------
Slack (MET) :             15.481ns  (required time - arrival time)
  Source:                 u_cpu_core/u_bram1/mem_reg_3_bram_0/CLKARDCLK
                            (rising edge-triggered cell RAMB36E2 clocked by clk_out1_clk_wiz_0  {rise@0.000ns fall@10.000ns period=20.000ns})
  Destination:            u_cpu_core/u_cpu1/reg_out_reg[21]/D
                            (rising edge-triggered cell FDRE clocked by clk_out1_clk_wiz_0  {rise@0.000ns fall@10.000ns period=20.000ns})
  Path Group:             clk_out1_clk_wiz_0
  Path Type:              Setup (Max at Slow Process Corner)
  Requirement:            20.000ns  (clk_out1_clk_wiz_0 rise@20.000ns - clk_out1_clk_wiz_0 rise@0.000ns)
  Data Path Delay:        4.105ns  (logic 1.970ns (47.994%)  route 2.135ns (52.006%))
  Logic Levels:           7  (LUT3=1 LUT6=2 MUXF7=1 RAMB36E2=3)
  Clock Path Skew:        -0.368ns (DCD - SCD + CPR)
    Destination Clock Delay (DCD):    3.824ns = ( 23.824 - 20.000 ) 
    Source Clock Delay      (SCD):    4.214ns
    Clock Pessimism Removal (CPR):    0.021ns
  Clock Uncertainty:      0.071ns  ((TSJ^2 + DJ^2)^1/2) / 2 + PE
    Total System Jitter     (TSJ):    0.071ns
    Discrete Jitter          (DJ):    0.123ns
    Phase Error              (PE):    0.000ns
  Clock Net Delay (Source):      2.728ns (routing 1.510ns, distribution 1.218ns)
  Clock Net Delay (Destination): 2.176ns (routing 1.368ns, distribution 0.808ns)

    Location             Delay type                Incr(ns)  Path(ns)    Netlist Resource(s)
  -------------------------------------------------------------------    -------------------
                         (clock clk_out1_clk_wiz_0 rise edge)
                                                      0.000     0.000 r  
    G30                                               0.000     0.000 r  USER_SI570_CLOCK_P (IN)
                         net (fo=0)                   0.100     0.100    pll_50MHz_inst/inst/clkin1_ibufds/I
    HPIOBDIFFINBUF_X0Y275
                         DIFFINBUF (Prop_DIFFINBUF_HPIOBDIFFINBUF_DIFF_IN_P_O)
                                                      0.613     0.713 r  pll_50MHz_inst/inst/clkin1_ibufds/DIFFINBUF_INST/O
                         net (fo=1, routed)           0.050     0.763    pll_50MHz_inst/inst/clkin1_ibufds/OUT
    G30                  IBUFCTRL (Prop_IBUFCTRL_HPIOB_M_I_O)
                                                      0.000     0.763 r  pll_50MHz_inst/inst/clkin1_ibufds/IBUFCTRL_INST/O
                         net (fo=1, routed)           0.390     1.153    pll_50MHz_inst/inst/clk_in1_clk_wiz_0
    PLL_X0Y23            PLLE4_ADV (Prop_PLL_CLKIN_CLKOUT0)
                                                      0.033     1.186 r  pll_50MHz_inst/inst/plle4_adv_inst/CLKOUT0
                         net (fo=1, routed)           0.272     1.458    pll_50MHz_inst/inst/clk_out1_clk_wiz_0
    BUFGCE_X0Y287        BUFGCE (Prop_BUFCE_BUFGCE_I_O)
                                                      0.028     1.486 r  pll_50MHz_inst/inst/clkout1_buf/O
    X5Y8 (CLOCK_ROOT)    net (fo=2802, routed)        2.728     4.214    u_cpu_core/u_bram1/clk
    RAMB36_X12Y108       RAMB36E2                                     r  u_cpu_core/u_bram1/mem_reg_3_bram_0/CLKARDCLK
  -------------------------------------------------------------------    -------------------
    RAMB36_X12Y108       RAMB36E2 (Prop_RAMB36E2_RAMB36_CLKARDCLK_CASDOUTA[7])
                                                      1.085     5.299 r  u_cpu_core/u_bram1/mem_reg_3_bram_0/CASDOUTA[7]
                         net (fo=1, routed)           0.035     5.334    u_cpu_core/u_bram1/mem_reg_3_bram_0_n_28
    RAMB36_X12Y109       RAMB36E2 (Prop_RAMB36E2_RAMB36_CASDINA[7]_CASDOUTA[7])
                                                      0.210     5.544 r  u_cpu_core/u_bram1/mem_reg_3_bram_1/CASDOUTA[7]
                         net (fo=1, routed)           0.035     5.579    u_cpu_core/u_bram1/mem_reg_3_bram_1_n_28
    RAMB36_X12Y110       RAMB36E2 (Prop_RAMB36E2_RAMB36_CASDINA[7]_CASDOUTA[7])
                                                      0.210     5.789 r  u_cpu_core/u_bram1/mem_reg_3_bram_2/CASDOUTA[7]
                         net (fo=1, routed)           0.035     5.824    u_cpu_core/u_bram1/mem_reg_3_bram_2_n_28
    RAMB36_X12Y111       RAMB36E2 (Prop_RAMB36E2_RAMB36_CASDINA[7]_DOUTADOUT[7])
                                                      0.117     5.941 r  u_cpu_core/u_bram1/mem_reg_3_bram_3/DOUTADOUT[7]
                         net (fo=3, routed)           1.314     7.255    u_cpu_core/u_cpu1/rdata[31]
    SLICE_X149Y545       LUT3 (Prop_D5LUT_SLICEM_I2_O)
                                                      0.097     7.352 r  u_cpu_core/u_cpu1/mem_rdata_q[31]_i_2__0/O
                         net (fo=4, routed)           0.187     7.539    u_cpu_core/u_cpu1/mem_rdata1[31]
    SLICE_X149Y548       LUT6 (Prop_C6LUT_SLICEM_I5_O)
                                                      0.037     7.576 r  u_cpu_core/u_cpu1/reg_out[31]_i_7__0/O
                         net (fo=1, routed)           0.021     7.597    u_cpu_core/u_cpu1/reg_out[31]_i_7__0_n_0
    SLICE_X149Y548       MUXF7 (Prop_F7MUX_CD_SLICEM_I1_O)
                                                      0.068     7.665 r  u_cpu_core/u_cpu1/reg_out_reg[31]_i_4__0/O
                         net (fo=25, routed)          0.458     8.123    u_cpu_core/u_cpu1/reg_out_reg[31]_i_4__0_n_0
    SLICE_X147Y542       LUT6 (Prop_D6LUT_SLICEL_I3_O)
                                                      0.146     8.269 r  u_cpu_core/u_cpu1/reg_out[21]_i_1__0/O
                         net (fo=1, routed)           0.049     8.318    u_cpu_core/u_cpu1/reg_out[21]
    SLICE_X147Y542       FDRE                                         r  u_cpu_core/u_cpu1/reg_out_reg[21]/D
  -------------------------------------------------------------------    -------------------

                         (clock clk_out1_clk_wiz_0 rise edge)
                                                     20.000    20.000 r  
    G30                                               0.000    20.000 r  USER_SI570_CLOCK_P (IN)
                         net (fo=0)                   0.079    20.079    pll_50MHz_inst/inst/clkin1_ibufds/I
    HPIOBDIFFINBUF_X0Y275
                         DIFFINBUF (Prop_DIFFINBUF_HPIOBDIFFINBUF_DIFF_IN_P_O)
                                                      0.503    20.582 r  pll_50MHz_inst/inst/clkin1_ibufds/DIFFINBUF_INST/O
                         net (fo=1, routed)           0.040    20.622    pll_50MHz_inst/inst/clkin1_ibufds/OUT
    G30                  IBUFCTRL (Prop_IBUFCTRL_HPIOB_M_I_O)
                                                      0.000    20.622 r  pll_50MHz_inst/inst/clkin1_ibufds/IBUFCTRL_INST/O
                         net (fo=1, routed)           0.339    20.961    pll_50MHz_inst/inst/clk_in1_clk_wiz_0
    PLL_X0Y23            PLLE4_ADV (Prop_PLL_CLKIN_CLKOUT0)
                                                      0.430    21.391 r  pll_50MHz_inst/inst/plle4_adv_inst/CLKOUT0
                         net (fo=1, routed)           0.233    21.624    pll_50MHz_inst/inst/clk_out1_clk_wiz_0
    BUFGCE_X0Y287        BUFGCE (Prop_BUFCE_BUFGCE_I_O)
                                                      0.024    21.648 r  pll_50MHz_inst/inst/clkout1_buf/O
    X5Y8 (CLOCK_ROOT)    net (fo=2802, routed)        2.176    23.824    u_cpu_core/u_cpu1/clk_out1
    SLICE_X147Y542       FDRE                                         r  u_cpu_core/u_cpu1/reg_out_reg[21]/C
                         clock pessimism              0.021    23.845    
                         clock uncertainty           -0.071    23.774    
    SLICE_X147Y542       FDRE (Setup_DFF_SLICEL_C_D)
                                                      0.025    23.799    u_cpu_core/u_cpu1/reg_out_reg[21]
  -------------------------------------------------------------------
                         required time                         23.799    
                         arrival time                          -8.318    
  -------------------------------------------------------------------
                         slack                                 15.481    

Slack (MET) :             15.481ns  (required time - arrival time)
  Source:                 u_cpu_core/u_bram1/mem_reg_3_bram_0/CLKARDCLK
                            (rising edge-triggered cell RAMB36E2 clocked by clk_out1_clk_wiz_0  {rise@0.000ns fall@10.000ns period=20.000ns})
  Destination:            u_cpu_core/u_cpu1/reg_out_reg[22]/D
                            (rising edge-triggered cell FDRE clocked by clk_out1_clk_wiz_0  {rise@0.000ns fall@10.000ns period=20.000ns})
  Path Group:             clk_out1_clk_wiz_0
  Path Type:              Setup (Max at Slow Process Corner)
  Requirement:            20.000ns  (clk_out1_clk_wiz_0 rise@20.000ns - clk_out1_clk_wiz_0 rise@0.000ns)
  Data Path Delay:        4.105ns  (logic 1.970ns (47.994%)  route 2.135ns (52.006%))
  Logic Levels:           7  (LUT3=1 LUT6=2 MUXF7=1 RAMB36E2=3)
  Clock Path Skew:        -0.368ns (DCD - SCD + CPR)
    Destination Clock Delay (DCD):    3.824ns = ( 23.824 - 20.000 ) 
    Source Clock Delay      (SCD):    4.214ns
    Clock Pessimism Removal (CPR):    0.021ns
  Clock Uncertainty:      0.071ns  ((TSJ^2 + DJ^2)^1/2) / 2 + PE
    Total System Jitter     (TSJ):    0.071ns
    Discrete Jitter          (DJ):    0.123ns
    Phase Error              (PE):    0.000ns
  Clock Net Delay (Source):      2.728ns (routing 1.510ns, distribution 1.218ns)
  Clock Net Delay (Destination): 2.176ns (routing 1.368ns, distribution 0.808ns)

    Location             Delay type                Incr(ns)  Path(ns)    Netlist Resource(s)
  -------------------------------------------------------------------    -------------------
                         (clock clk_out1_clk_wiz_0 rise edge)
                                                      0.000     0.000 r  
    G30                                               0.000     0.000 r  USER_SI570_CLOCK_P (IN)
                         net (fo=0)                   0.100     0.100    pll_50MHz_inst/inst/clkin1_ibufds/I
    HPIOBDIFFINBUF_X0Y275
                         DIFFINBUF (Prop_DIFFINBUF_HPIOBDIFFINBUF_DIFF_IN_P_O)
                                                      0.613     0.713 r  pll_50MHz_inst/inst/clkin1_ibufds/DIFFINBUF_INST/O
                         net (fo=1, routed)           0.050     0.763    pll_50MHz_inst/inst/clkin1_ibufds/OUT
    G30                  IBUFCTRL (Prop_IBUFCTRL_HPIOB_M_I_O)
                                                      0.000     0.763 r  pll_50MHz_inst/inst/clkin1_ibufds/IBUFCTRL_INST/O
                         net (fo=1, routed)           0.390     1.153    pll_50MHz_inst/inst/clk_in1_clk_wiz_0
    PLL_X0Y23            PLLE4_ADV (Prop_PLL_CLKIN_CLKOUT0)
                                                      0.033     1.186 r  pll_50MHz_inst/inst/plle4_adv_inst/CLKOUT0
                         net (fo=1, routed)           0.272     1.458    pll_50MHz_inst/inst/clk_out1_clk_wiz_0
    BUFGCE_X0Y287        BUFGCE (Prop_BUFCE_BUFGCE_I_O)
                                                      0.028     1.486 r  pll_50MHz_inst/inst/clkout1_buf/O
    X5Y8 (CLOCK_ROOT)    net (fo=2802, routed)        2.728     4.214    u_cpu_core/u_bram1/clk
    RAMB36_X12Y108       RAMB36E2                                     r  u_cpu_core/u_bram1/mem_reg_3_bram_0/CLKARDCLK
  -------------------------------------------------------------------    -------------------
    RAMB36_X12Y108       RAMB36E2 (Prop_RAMB36E2_RAMB36_CLKARDCLK_CASDOUTA[7])
                                                      1.085     5.299 r  u_cpu_core/u_bram1/mem_reg_3_bram_0/CASDOUTA[7]
                         net (fo=1, routed)           0.035     5.334    u_cpu_core/u_bram1/mem_reg_3_bram_0_n_28
    RAMB36_X12Y109       RAMB36E2 (Prop_RAMB36E2_RAMB36_CASDINA[7]_CASDOUTA[7])
                                                      0.210     5.544 r  u_cpu_core/u_bram1/mem_reg_3_bram_1/CASDOUTA[7]
                         net (fo=1, routed)           0.035     5.579    u_cpu_core/u_bram1/mem_reg_3_bram_1_n_28
    RAMB36_X12Y110       RAMB36E2 (Prop_RAMB36E2_RAMB36_CASDINA[7]_CASDOUTA[7])
                                                      0.210     5.789 r  u_cpu_core/u_bram1/mem_reg_3_bram_2/CASDOUTA[7]
                         net (fo=1, routed)           0.035     5.824    u_cpu_core/u_bram1/mem_reg_3_bram_2_n_28
    RAMB36_X12Y111       RAMB36E2 (Prop_RAMB36E2_RAMB36_CASDINA[7]_DOUTADOUT[7])
                                                      0.117     5.941 r  u_cpu_core/u_bram1/mem_reg_3_bram_3/DOUTADOUT[7]
                         net (fo=3, routed)           1.314     7.255    u_cpu_core/u_cpu1/rdata[31]
    SLICE_X149Y545       LUT3 (Prop_D5LUT_SLICEM_I2_O)
                                                      0.097     7.352 r  u_cpu_core/u_cpu1/mem_rdata_q[31]_i_2__0/O
                         net (fo=4, routed)           0.187     7.539    u_cpu_core/u_cpu1/mem_rdata1[31]
    SLICE_X149Y548       LUT6 (Prop_C6LUT_SLICEM_I5_O)
                                                      0.037     7.576 r  u_cpu_core/u_cpu1/reg_out[31]_i_7__0/O
                         net (fo=1, routed)           0.021     7.597    u_cpu_core/u_cpu1/reg_out[31]_i_7__0_n_0
    SLICE_X149Y548       MUXF7 (Prop_F7MUX_CD_SLICEM_I1_O)
                                                      0.068     7.665 r  u_cpu_core/u_cpu1/reg_out_reg[31]_i_4__0/O
                         net (fo=25, routed)          0.457     8.122    u_cpu_core/u_cpu1/reg_out_reg[31]_i_4__0_n_0
    SLICE_X147Y542       LUT6 (Prop_C6LUT_SLICEL_I3_O)
                                                      0.146     8.268 r  u_cpu_core/u_cpu1/reg_out[22]_i_1__0/O
                         net (fo=1, routed)           0.050     8.318    u_cpu_core/u_cpu1/reg_out[22]
    SLICE_X147Y542       FDRE                                         r  u_cpu_core/u_cpu1/reg_out_reg[22]/D
  -------------------------------------------------------------------    -------------------

                         (clock clk_out1_clk_wiz_0 rise edge)
                                                     20.000    20.000 r  
    G30                                               0.000    20.000 r  USER_SI570_CLOCK_P (IN)
                         net (fo=0)                   0.079    20.079    pll_50MHz_inst/inst/clkin1_ibufds/I
    HPIOBDIFFINBUF_X0Y275
                         DIFFINBUF (Prop_DIFFINBUF_HPIOBDIFFINBUF_DIFF_IN_P_O)
                                                      0.503    20.582 r  pll_50MHz_inst/inst/clkin1_ibufds/DIFFINBUF_INST/O
                         net (fo=1, routed)           0.040    20.622    pll_50MHz_inst/inst/clkin1_ibufds/OUT
    G30                  IBUFCTRL (Prop_IBUFCTRL_HPIOB_M_I_O)
                                                      0.000    20.622 r  pll_50MHz_inst/inst/clkin1_ibufds/IBUFCTRL_INST/O
                         net (fo=1, routed)           0.339    20.961    pll_50MHz_inst/inst/clk_in1_clk_wiz_0
    PLL_X0Y23            PLLE4_ADV (Prop_PLL_CLKIN_CLKOUT0)
                                                      0.430    21.391 r  pll_50MHz_inst/inst/plle4_adv_inst/CLKOUT0
                         net (fo=1, routed)           0.233    21.624    pll_50MHz_inst/inst/clk_out1_clk_wiz_0
    BUFGCE_X0Y287        BUFGCE (Prop_BUFCE_BUFGCE_I_O)
                                                      0.024    21.648 r  pll_50MHz_inst/inst/clkout1_buf/O
    X5Y8 (CLOCK_ROOT)    net (fo=2802, routed)        2.176    23.824    u_cpu_core/u_cpu1/clk_out1
    SLICE_X147Y542       FDRE                                         r  u_cpu_core/u_cpu1/reg_out_reg[22]/C
                         clock pessimism              0.021    23.845    
                         clock uncertainty           -0.071    23.774    
    SLICE_X147Y542       FDRE (Setup_CFF_SLICEL_C_D)
                                                      0.025    23.799    u_cpu_core/u_cpu1/reg_out_reg[22]
  -------------------------------------------------------------------
                         required time                         23.799    
                         arrival time                          -8.318    
  -------------------------------------------------------------------
                         slack                                 15.481    

Slack (MET) :             15.485ns  (required time - arrival time)
  Source:                 u_cpu_core/u_cpu0/mem_addr_reg[22]/C
                            (rising edge-triggered cell FDRE clocked by clk_out1_clk_wiz_0  {rise@0.000ns fall@10.000ns period=20.000ns})
  Destination:            u_cpu_core/u_bram0/mem_reg_0_bram_2/ENARDEN
                            (rising edge-triggered cell RAMB36E2 clocked by clk_out1_clk_wiz_0  {rise@0.000ns fall@10.000ns period=20.000ns})
  Path Group:             clk_out1_clk_wiz_0
  Path Type:              Setup (Max at Slow Process Corner)
  Requirement:            20.000ns  (clk_out1_clk_wiz_0 rise@20.000ns - clk_out1_clk_wiz_0 rise@0.000ns)
  Data Path Delay:        3.952ns  (logic 0.622ns (15.740%)  route 3.330ns (84.260%))
  Logic Levels:           5  (LUT2=1 LUT3=1 LUT4=1 LUT5=1 LUT6=1)
  Clock Path Skew:        -0.150ns (DCD - SCD + CPR)
    Destination Clock Delay (DCD):    3.853ns = ( 23.853 - 20.000 ) 
    Source Clock Delay      (SCD):    3.983ns
    Clock Pessimism Removal (CPR):    -0.020ns
  Clock Uncertainty:      0.071ns  ((TSJ^2 + DJ^2)^1/2) / 2 + PE
    Total System Jitter     (TSJ):    0.071ns
    Discrete Jitter          (DJ):    0.123ns
    Phase Error              (PE):    0.000ns
  Clock Net Delay (Source):      2.497ns (routing 1.510ns, distribution 0.987ns)
  Clock Net Delay (Destination): 2.205ns (routing 1.368ns, distribution 0.837ns)

    Location             Delay type                Incr(ns)  Path(ns)    Netlist Resource(s)
  -------------------------------------------------------------------    -------------------
                         (clock clk_out1_clk_wiz_0 rise edge)
                                                      0.000     0.000 r  
    G30                                               0.000     0.000 r  USER_SI570_CLOCK_P (IN)
                         net (fo=0)                   0.100     0.100    pll_50MHz_inst/inst/clkin1_ibufds/I
    HPIOBDIFFINBUF_X0Y275
                         DIFFINBUF (Prop_DIFFINBUF_HPIOBDIFFINBUF_DIFF_IN_P_O)
                                                      0.613     0.713 r  pll_50MHz_inst/inst/clkin1_ibufds/DIFFINBUF_INST/O
                         net (fo=1, routed)           0.050     0.763    pll_50MHz_inst/inst/clkin1_ibufds/OUT
    G30                  IBUFCTRL (Prop_IBUFCTRL_HPIOB_M_I_O)
                                                      0.000     0.763 r  pll_50MHz_inst/inst/clkin1_ibufds/IBUFCTRL_INST/O
                         net (fo=1, routed)           0.390     1.153    pll_50MHz_inst/inst/clk_in1_clk_wiz_0
    PLL_X0Y23            PLLE4_ADV (Prop_PLL_CLKIN_CLKOUT0)
                                                      0.033     1.186 r  pll_50MHz_inst/inst/plle4_adv_inst/CLKOUT0
                         net (fo=1, routed)           0.272     1.458    pll_50MHz_inst/inst/clk_out1_clk_wiz_0
    BUFGCE_X0Y287        BUFGCE (Prop_BUFCE_BUFGCE_I_O)
                                                      0.028     1.486 r  pll_50MHz_inst/inst/clkout1_buf/O
    X5Y8 (CLOCK_ROOT)    net (fo=2802, routed)        2.497     3.983    u_cpu_core/u_cpu0/clk_out1
    SLICE_X132Y496       FDRE                                         r  u_cpu_core/u_cpu0/mem_addr_reg[22]/C
  -------------------------------------------------------------------    -------------------
    SLICE_X132Y496       FDRE (Prop_BFF_SLICEL_C_Q)
                                                      0.079     4.062 f  u_cpu_core/u_cpu0/mem_addr_reg[22]/Q
                         net (fo=1, routed)           0.097     4.159    u_cpu_core/u_cpu0/mem_addr0[22]
    SLICE_X132Y496       LUT4 (Prop_F6LUT_SLICEL_I1_O)
                                                      0.123     4.282 f  u_cpu_core/u_cpu0/mem_rdata_q[31]_i_7/O
                         net (fo=2, routed)           0.146     4.427    u_cpu_core/u_cpu0/mem_rdata_q[31]_i_7_n_0
    SLICE_X133Y497       LUT5 (Prop_D5LUT_SLICEM_I4_O)
                                                      0.135     4.562 f  u_cpu_core/u_cpu0/u_bram0_i_4/O
                         net (fo=2, routed)           0.143     4.705    u_cpu_core/u_cpu0/u_bram0_i_4_n_0
    SLICE_X135Y497       LUT6 (Prop_F6LUT_SLICEL_I5_O)
                                                      0.123     4.828 f  u_cpu_core/u_cpu0/u_bram0_i_2/O
                         net (fo=25, routed)          0.315     5.143    u_cpu_core/u_cpu0/u_bram0_i_2_n_0
    SLICE_X138Y496       LUT2 (Prop_D5LUT_SLICEL_I1_O)
                                                      0.096     5.239 r  u_cpu_core/u_cpu0/u_bram0_i_1/O
                         net (fo=16, routed)          0.535     5.774    u_cpu_core/u_bram0/en
    SLICE_X127Y496       LUT3 (Prop_D5LUT_SLICEL_I0_O)
                                                      0.066     5.840 r  u_cpu_core/u_bram0/mem_reg_0_bram_2_i_2/O
                         net (fo=4, routed)           2.094     7.935    u_cpu_core/u_bram0/mem_reg_0_bram_2_i_2_n_0
    RAMB36_X11Y110       RAMB36E2                                     r  u_cpu_core/u_bram0/mem_reg_0_bram_2/ENARDEN
  -------------------------------------------------------------------    -------------------

                         (clock clk_out1_clk_wiz_0 rise edge)
                                                     20.000    20.000 r  
    G30                                               0.000    20.000 r  USER_SI570_CLOCK_P (IN)
                         net (fo=0)                   0.079    20.079    pll_50MHz_inst/inst/clkin1_ibufds/I
    HPIOBDIFFINBUF_X0Y275
                         DIFFINBUF (Prop_DIFFINBUF_HPIOBDIFFINBUF_DIFF_IN_P_O)
                                                      0.503    20.582 r  pll_50MHz_inst/inst/clkin1_ibufds/DIFFINBUF_INST/O
                         net (fo=1, routed)           0.040    20.622    pll_50MHz_inst/inst/clkin1_ibufds/OUT
    G30                  IBUFCTRL (Prop_IBUFCTRL_HPIOB_M_I_O)
                                                      0.000    20.622 r  pll_50MHz_inst/inst/clkin1_ibufds/IBUFCTRL_INST/O
                         net (fo=1, routed)           0.339    20.961    pll_50MHz_inst/inst/clk_in1_clk_wiz_0
    PLL_X0Y23            PLLE4_ADV (Prop_PLL_CLKIN_CLKOUT0)
                                                      0.430    21.391 r  pll_50MHz_inst/inst/plle4_adv_inst/CLKOUT0
                         net (fo=1, routed)           0.233    21.624    pll_50MHz_inst/inst/clk_out1_clk_wiz_0
    BUFGCE_X0Y287        BUFGCE (Prop_BUFCE_BUFGCE_I_O)
                                                      0.024    21.648 r  pll_50MHz_inst/inst/clkout1_buf/O
    X5Y8 (CLOCK_ROOT)    net (fo=2802, routed)        2.205    23.853    u_cpu_core/u_bram0/clk
    RAMB36_X11Y110       RAMB36E2                                     r  u_cpu_core/u_bram0/mem_reg_0_bram_2/CLKARDCLK
                         clock pessimism             -0.020    23.833    
                         clock uncertainty           -0.071    23.762    
    RAMB36_X11Y110       RAMB36E2 (Setup_RAMB36E2_RAMB36_CLKARDCLK_ENARDEN)
                                                     -0.342    23.420    u_cpu_core/u_bram0/mem_reg_0_bram_2
  -------------------------------------------------------------------
                         required time                         23.420    
                         arrival time                          -7.935    
  -------------------------------------------------------------------
                         slack                                 15.485    

Slack (MET) :             15.514ns  (required time - arrival time)
  Source:                 u_cpu_core/u_bram2/mem_reg_1_bram_0/CLKARDCLK
                            (rising edge-triggered cell RAMB36E2 clocked by clk_out1_clk_wiz_0  {rise@0.000ns fall@10.000ns period=20.000ns})
  Destination:            u_cpu_core/u_cpu2/reg_out_reg[17]/D
                            (rising edge-triggered cell FDRE clocked by clk_out1_clk_wiz_0  {rise@0.000ns fall@10.000ns period=20.000ns})
  Path Group:             clk_out1_clk_wiz_0
  Path Type:              Setup (Max at Slow Process Corner)
  Requirement:            20.000ns  (clk_out1_clk_wiz_0 rise@20.000ns - clk_out1_clk_wiz_0 rise@0.000ns)
  Data Path Delay:        4.207ns  (logic 1.932ns (45.927%)  route 2.275ns (54.073%))
  Logic Levels:           7  (LUT3=1 LUT6=2 MUXF7=1 RAMB36E2=3)
  Clock Path Skew:        -0.233ns (DCD - SCD + CPR)
    Destination Clock Delay (DCD):    3.883ns = ( 23.883 - 20.000 ) 
    Source Clock Delay      (SCD):    4.136ns
    Clock Pessimism Removal (CPR):    0.020ns
  Clock Uncertainty:      0.071ns  ((TSJ^2 + DJ^2)^1/2) / 2 + PE
    Total System Jitter     (TSJ):    0.071ns
    Discrete Jitter          (DJ):    0.123ns
    Phase Error              (PE):    0.000ns
  Clock Net Delay (Source):      2.650ns (routing 1.510ns, distribution 1.140ns)
  Clock Net Delay (Destination): 2.235ns (routing 1.368ns, distribution 0.867ns)

    Location             Delay type                Incr(ns)  Path(ns)    Netlist Resource(s)
  -------------------------------------------------------------------    -------------------
                         (clock clk_out1_clk_wiz_0 rise edge)
                                                      0.000     0.000 r  
    G30                                               0.000     0.000 r  USER_SI570_CLOCK_P (IN)
                         net (fo=0)                   0.100     0.100    pll_50MHz_inst/inst/clkin1_ibufds/I
    HPIOBDIFFINBUF_X0Y275
                         DIFFINBUF (Prop_DIFFINBUF_HPIOBDIFFINBUF_DIFF_IN_P_O)
                                                      0.613     0.713 r  pll_50MHz_inst/inst/clkin1_ibufds/DIFFINBUF_INST/O
                         net (fo=1, routed)           0.050     0.763    pll_50MHz_inst/inst/clkin1_ibufds/OUT
    G30                  IBUFCTRL (Prop_IBUFCTRL_HPIOB_M_I_O)
                                                      0.000     0.763 r  pll_50MHz_inst/inst/clkin1_ibufds/IBUFCTRL_INST/O
                         net (fo=1, routed)           0.390     1.153    pll_50MHz_inst/inst/clk_in1_clk_wiz_0
    PLL_X0Y23            PLLE4_ADV (Prop_PLL_CLKIN_CLKOUT0)
                                                      0.033     1.186 r  pll_50MHz_inst/inst/plle4_adv_inst/CLKOUT0
                         net (fo=1, routed)           0.272     1.458    pll_50MHz_inst/inst/clk_out1_clk_wiz_0
    BUFGCE_X0Y287        BUFGCE (Prop_BUFCE_BUFGCE_I_O)
                                                      0.028     1.486 r  pll_50MHz_inst/inst/clkout1_buf/O
    X5Y8 (CLOCK_ROOT)    net (fo=2802, routed)        2.650     4.136    u_cpu_core/u_bram2/clk
    RAMB36_X12Y104       RAMB36E2                                     r  u_cpu_core/u_bram2/mem_reg_1_bram_0/CLKARDCLK
  -------------------------------------------------------------------    -------------------
    RAMB36_X12Y104       RAMB36E2 (Prop_RAMB36E2_RAMB36_CLKARDCLK_CASDOUTA[7])
                                                      1.085     5.221 r  u_cpu_core/u_bram2/mem_reg_1_bram_0/CASDOUTA[7]
                         net (fo=1, routed)           0.035     5.256    u_cpu_core/u_bram2/mem_reg_1_bram_0_n_28
    RAMB36_X12Y105       RAMB36E2 (Prop_RAMB36E2_RAMB36_CASDINA[7]_CASDOUTA[7])
                                                      0.210     5.466 r  u_cpu_core/u_bram2/mem_reg_1_bram_1/CASDOUTA[7]
                         net (fo=1, routed)           0.035     5.501    u_cpu_core/u_bram2/mem_reg_1_bram_1_n_28
    RAMB36_X12Y106       RAMB36E2 (Prop_RAMB36E2_RAMB36_CASDINA[7]_CASDOUTA[7])
                                                      0.210     5.711 r  u_cpu_core/u_bram2/mem_reg_1_bram_2/CASDOUTA[7]
                         net (fo=1, routed)           0.035     5.746    u_cpu_core/u_bram2/mem_reg_1_bram_2_n_28
    RAMB36_X12Y107       RAMB36E2 (Prop_RAMB36E2_RAMB36_CASDINA[7]_DOUTADOUT[7])
                                                      0.117     5.863 r  u_cpu_core/u_bram2/mem_reg_1_bram_3/DOUTADOUT[7]
                         net (fo=3, routed)           1.516     7.378    u_cpu_core/u_cpu2/rdata[15]
    SLICE_X129Y536       LUT3 (Prop_D6LUT_SLICEM_I2_O)
                                                      0.051     7.429 r  u_cpu_core/u_cpu2/mem_rdata_q[15]_i_1__1/O
                         net (fo=3, routed)           0.147     7.576    u_cpu_core/u_cpu2/mem_rdata2[15]
    SLICE_X131Y538       LUT6 (Prop_C6LUT_SLICEL_I1_O)
                                                      0.050     7.626 r  u_cpu_core/u_cpu2/reg_out[31]_i_7__1/O
                         net (fo=1, routed)           0.010     7.636    u_cpu_core/u_cpu2/reg_out[31]_i_7__1_n_0
    SLICE_X131Y538       MUXF7 (Prop_F7MUX_CD_SLICEL_I1_O)
                                                      0.064     7.700 r  u_cpu_core/u_cpu2/reg_out_reg[31]_i_4__1/O
                         net (fo=25, routed)          0.431     8.131    u_cpu_core/u_cpu2/reg_out_reg[31]_i_4__1_n_0
    SLICE_X128Y533       LUT6 (Prop_C6LUT_SLICEM_I3_O)
                                                      0.145     8.276 r  u_cpu_core/u_cpu2/reg_out[17]_i_1__1/O
                         net (fo=1, routed)           0.066     8.342    u_cpu_core/u_cpu2/reg_out[17]
    SLICE_X128Y533       FDRE                                         r  u_cpu_core/u_cpu2/reg_out_reg[17]/D
  -------------------------------------------------------------------    -------------------

                         (clock clk_out1_clk_wiz_0 rise edge)
                                                     20.000    20.000 r  
    G30                                               0.000    20.000 r  USER_SI570_CLOCK_P (IN)
                         net (fo=0)                   0.079    20.079    pll_50MHz_inst/inst/clkin1_ibufds/I
    HPIOBDIFFINBUF_X0Y275
                         DIFFINBUF (Prop_DIFFINBUF_HPIOBDIFFINBUF_DIFF_IN_P_O)
                                                      0.503    20.582 r  pll_50MHz_inst/inst/clkin1_ibufds/DIFFINBUF_INST/O
                         net (fo=1, routed)           0.040    20.622    pll_50MHz_inst/inst/clkin1_ibufds/OUT
    G30                  IBUFCTRL (Prop_IBUFCTRL_HPIOB_M_I_O)
                                                      0.000    20.622 r  pll_50MHz_inst/inst/clkin1_ibufds/IBUFCTRL_INST/O
                         net (fo=1, routed)           0.339    20.961    pll_50MHz_inst/inst/clk_in1_clk_wiz_0
    PLL_X0Y23            PLLE4_ADV (Prop_PLL_CLKIN_CLKOUT0)
                                                      0.430    21.391 r  pll_50MHz_inst/inst/plle4_adv_inst/CLKOUT0
                         net (fo=1, routed)           0.233    21.624    pll_50MHz_inst/inst/clk_out1_clk_wiz_0
    BUFGCE_X0Y287        BUFGCE (Prop_BUFCE_BUFGCE_I_O)
                                                      0.024    21.648 r  pll_50MHz_inst/inst/clkout1_buf/O
    X5Y8 (CLOCK_ROOT)    net (fo=2802, routed)        2.235    23.883    u_cpu_core/u_cpu2/clk_out1
    SLICE_X128Y533       FDRE                                         r  u_cpu_core/u_cpu2/reg_out_reg[17]/C
                         clock pessimism              0.020    23.903    
                         clock uncertainty           -0.071    23.832    
    SLICE_X128Y533       FDRE (Setup_CFF_SLICEM_C_D)
                                                      0.025    23.857    u_cpu_core/u_cpu2/reg_out_reg[17]
  -------------------------------------------------------------------
                         required time                         23.857    
                         arrival time                          -8.342    
  -------------------------------------------------------------------
                         slack                                 15.514    

Slack (MET) :             15.516ns  (required time - arrival time)
  Source:                 u_cpu_core/u_bram1/mem_reg_3_bram_0/CLKARDCLK
                            (rising edge-triggered cell RAMB36E2 clocked by clk_out1_clk_wiz_0  {rise@0.000ns fall@10.000ns period=20.000ns})
  Destination:            u_cpu_core/u_cpu1/reg_out_reg[9]/D
                            (rising edge-triggered cell FDRE clocked by clk_out1_clk_wiz_0  {rise@0.000ns fall@10.000ns period=20.000ns})
  Path Group:             clk_out1_clk_wiz_0
  Path Type:              Setup (Max at Slow Process Corner)
  Requirement:            20.000ns  (clk_out1_clk_wiz_0 rise@20.000ns - clk_out1_clk_wiz_0 rise@0.000ns)
  Data Path Delay:        4.067ns  (logic 2.036ns (50.056%)  route 2.031ns (49.944%))
  Logic Levels:           6  (LUT3=1 LUT5=1 LUT6=1 RAMB36E2=3)
  Clock Path Skew:        -0.371ns (DCD - SCD + CPR)
    Destination Clock Delay (DCD):    3.822ns = ( 23.822 - 20.000 ) 
    Source Clock Delay      (SCD):    4.214ns
    Clock Pessimism Removal (CPR):    0.021ns
  Clock Uncertainty:      0.071ns  ((TSJ^2 + DJ^2)^1/2) / 2 + PE
    Total System Jitter     (TSJ):    0.071ns
    Discrete Jitter          (DJ):    0.123ns
    Phase Error              (PE):    0.000ns
  Clock Net Delay (Source):      2.728ns (routing 1.510ns, distribution 1.218ns)
  Clock Net Delay (Destination): 2.174ns (routing 1.368ns, distribution 0.806ns)

    Location             Delay type                Incr(ns)  Path(ns)    Netlist Resource(s)
  -------------------------------------------------------------------    -------------------
                         (clock clk_out1_clk_wiz_0 rise edge)
                                                      0.000     0.000 r  
    G30                                               0.000     0.000 r  USER_SI570_CLOCK_P (IN)
                         net (fo=0)                   0.100     0.100    pll_50MHz_inst/inst/clkin1_ibufds/I
    HPIOBDIFFINBUF_X0Y275
                         DIFFINBUF (Prop_DIFFINBUF_HPIOBDIFFINBUF_DIFF_IN_P_O)
                                                      0.613     0.713 r  pll_50MHz_inst/inst/clkin1_ibufds/DIFFINBUF_INST/O
                         net (fo=1, routed)           0.050     0.763    pll_50MHz_inst/inst/clkin1_ibufds/OUT
    G30                  IBUFCTRL (Prop_IBUFCTRL_HPIOB_M_I_O)
                                                      0.000     0.763 r  pll_50MHz_inst/inst/clkin1_ibufds/IBUFCTRL_INST/O
                         net (fo=1, routed)           0.390     1.153    pll_50MHz_inst/inst/clk_in1_clk_wiz_0
    PLL_X0Y23            PLLE4_ADV (Prop_PLL_CLKIN_CLKOUT0)
                                                      0.033     1.186 r  pll_50MHz_inst/inst/plle4_adv_inst/CLKOUT0
                         net (fo=1, routed)           0.272     1.458    pll_50MHz_inst/inst/clk_out1_clk_wiz_0
    BUFGCE_X0Y287        BUFGCE (Prop_BUFCE_BUFGCE_I_O)
                                                      0.028     1.486 r  pll_50MHz_inst/inst/clkout1_buf/O
    X5Y8 (CLOCK_ROOT)    net (fo=2802, routed)        2.728     4.214    u_cpu_core/u_bram1/clk
    RAMB36_X12Y108       RAMB36E2                                     r  u_cpu_core/u_bram1/mem_reg_3_bram_0/CLKARDCLK
  -------------------------------------------------------------------    -------------------
    RAMB36_X12Y108       RAMB36E2 (Prop_RAMB36E2_RAMB36_CLKARDCLK_CASDOUTA[1])
                                                      1.143     5.357 r  u_cpu_core/u_bram1/mem_reg_3_bram_0/CASDOUTA[1]
                         net (fo=1, routed)           0.036     5.393    u_cpu_core/u_bram1/mem_reg_3_bram_0_n_34
    RAMB36_X12Y109       RAMB36E2 (Prop_RAMB36E2_RAMB36_CASDINA[1]_CASDOUTA[1])
                                                      0.210     5.603 r  u_cpu_core/u_bram1/mem_reg_3_bram_1/CASDOUTA[1]
                         net (fo=1, routed)           0.036     5.639    u_cpu_core/u_bram1/mem_reg_3_bram_1_n_34
    RAMB36_X12Y110       RAMB36E2 (Prop_RAMB36E2_RAMB36_CASDINA[1]_CASDOUTA[1])
                                                      0.210     5.849 r  u_cpu_core/u_bram1/mem_reg_3_bram_2/CASDOUTA[1]
                         net (fo=1, routed)           0.036     5.885    u_cpu_core/u_bram1/mem_reg_3_bram_2_n_34
    RAMB36_X12Y111       RAMB36E2 (Prop_RAMB36E2_RAMB36_CASDINA[1]_DOUTADOUT[1])
                                                      0.117     6.002 r  u_cpu_core/u_bram1/mem_reg_3_bram_3/DOUTADOUT[1]
                         net (fo=3, routed)           1.376     7.378    u_cpu_core/u_cpu1/rdata[25]
    SLICE_X148Y548       LUT3 (Prop_D5LUT_SLICEL_I2_O)
                                                      0.157     7.535 r  u_cpu_core/u_cpu1/mem_rdata_q[25]_i_1__0/O
                         net (fo=3, routed)           0.268     7.803    u_cpu_core/u_cpu1/mem_rdata1[25]
    SLICE_X146Y549       LUT6 (Prop_E6LUT_SLICEM_I0_O)
                                                      0.148     7.951 r  u_cpu_core/u_cpu1/reg_out[9]_i_2__0/O
                         net (fo=1, routed)           0.207     8.158    u_cpu_core/u_cpu1/reg_out[9]_i_2__0_n_0
    SLICE_X146Y541       LUT5 (Prop_D6LUT_SLICEM_I0_O)
                                                      0.051     8.209 r  u_cpu_core/u_cpu1/reg_out[9]_i_1__0/O
                         net (fo=1, routed)           0.072     8.281    u_cpu_core/u_cpu1/reg_out[9]
    SLICE_X146Y541       FDRE                                         r  u_cpu_core/u_cpu1/reg_out_reg[9]/D
  -------------------------------------------------------------------    -------------------

                         (clock clk_out1_clk_wiz_0 rise edge)
                                                     20.000    20.000 r  
    G30                                               0.000    20.000 r  USER_SI570_CLOCK_P (IN)
                         net (fo=0)                   0.079    20.079    pll_50MHz_inst/inst/clkin1_ibufds/I
    HPIOBDIFFINBUF_X0Y275
                         DIFFINBUF (Prop_DIFFINBUF_HPIOBDIFFINBUF_DIFF_IN_P_O)
                                                      0.503    20.582 r  pll_50MHz_inst/inst/clkin1_ibufds/DIFFINBUF_INST/O
                         net (fo=1, routed)           0.040    20.622    pll_50MHz_inst/inst/clkin1_ibufds/OUT
    G30                  IBUFCTRL (Prop_IBUFCTRL_HPIOB_M_I_O)
                                                      0.000    20.622 r  pll_50MHz_inst/inst/clkin1_ibufds/IBUFCTRL_INST/O
                         net (fo=1, routed)           0.339    20.961    pll_50MHz_inst/inst/clk_in1_clk_wiz_0
    PLL_X0Y23            PLLE4_ADV (Prop_PLL_CLKIN_CLKOUT0)
                                                      0.430    21.391 r  pll_50MHz_inst/inst/plle4_adv_inst/CLKOUT0
                         net (fo=1, routed)           0.233    21.624    pll_50MHz_inst/inst/clk_out1_clk_wiz_0
    BUFGCE_X0Y287        BUFGCE (Prop_BUFCE_BUFGCE_I_O)
                                                      0.024    21.648 r  pll_50MHz_inst/inst/clkout1_buf/O
    X5Y8 (CLOCK_ROOT)    net (fo=2802, routed)        2.174    23.822    u_cpu_core/u_cpu1/clk_out1
    SLICE_X146Y541       FDRE                                         r  u_cpu_core/u_cpu1/reg_out_reg[9]/C
                         clock pessimism              0.021    23.843    
                         clock uncertainty           -0.071    23.772    
    SLICE_X146Y541       FDRE (Setup_DFF_SLICEM_C_D)
                                                      0.025    23.797    u_cpu_core/u_cpu1/reg_out_reg[9]
  -------------------------------------------------------------------
                         required time                         23.797    
                         arrival time                          -8.281    
  -------------------------------------------------------------------
                         slack                                 15.516    

Slack (MET) :             15.535ns  (required time - arrival time)
  Source:                 u_cpu_core/u_bram1/mem_reg_3_bram_0/CLKARDCLK
                            (rising edge-triggered cell RAMB36E2 clocked by clk_out1_clk_wiz_0  {rise@0.000ns fall@10.000ns period=20.000ns})
  Destination:            u_cpu_core/u_cpu1/reg_out_reg[8]/D
                            (rising edge-triggered cell FDRE clocked by clk_out1_clk_wiz_0  {rise@0.000ns fall@10.000ns period=20.000ns})
  Path Group:             clk_out1_clk_wiz_0
  Path Type:              Setup (Max at Slow Process Corner)
  Requirement:            20.000ns  (clk_out1_clk_wiz_0 rise@20.000ns - clk_out1_clk_wiz_0 rise@0.000ns)
  Data Path Delay:        4.053ns  (logic 1.972ns (48.656%)  route 2.081ns (51.344%))
  Logic Levels:           7  (LUT3=1 LUT5=1 LUT6=1 MUXF7=1 RAMB36E2=3)
  Clock Path Skew:        -0.366ns (DCD - SCD + CPR)
    Destination Clock Delay (DCD):    3.826ns = ( 23.826 - 20.000 ) 
    Source Clock Delay      (SCD):    4.214ns
    Clock Pessimism Removal (CPR):    0.021ns
  Clock Uncertainty:      0.071ns  ((TSJ^2 + DJ^2)^1/2) / 2 + PE
    Total System Jitter     (TSJ):    0.071ns
    Discrete Jitter          (DJ):    0.123ns
    Phase Error              (PE):    0.000ns
  Clock Net Delay (Source):      2.728ns (routing 1.510ns, distribution 1.218ns)
  Clock Net Delay (Destination): 2.178ns (routing 1.368ns, distribution 0.810ns)

    Location             Delay type                Incr(ns)  Path(ns)    Netlist Resource(s)
  -------------------------------------------------------------------    -------------------
                         (clock clk_out1_clk_wiz_0 rise edge)
                                                      0.000     0.000 r  
    G30                                               0.000     0.000 r  USER_SI570_CLOCK_P (IN)
                         net (fo=0)                   0.100     0.100    pll_50MHz_inst/inst/clkin1_ibufds/I
    HPIOBDIFFINBUF_X0Y275
                         DIFFINBUF (Prop_DIFFINBUF_HPIOBDIFFINBUF_DIFF_IN_P_O)
                                                      0.613     0.713 r  pll_50MHz_inst/inst/clkin1_ibufds/DIFFINBUF_INST/O
                         net (fo=1, routed)           0.050     0.763    pll_50MHz_inst/inst/clkin1_ibufds/OUT
    G30                  IBUFCTRL (Prop_IBUFCTRL_HPIOB_M_I_O)
                                                      0.000     0.763 r  pll_50MHz_inst/inst/clkin1_ibufds/IBUFCTRL_INST/O
                         net (fo=1, routed)           0.390     1.153    pll_50MHz_inst/inst/clk_in1_clk_wiz_0
    PLL_X0Y23            PLLE4_ADV (Prop_PLL_CLKIN_CLKOUT0)
                                                      0.033     1.186 r  pll_50MHz_inst/inst/plle4_adv_inst/CLKOUT0
                         net (fo=1, routed)           0.272     1.458    pll_50MHz_inst/inst/clk_out1_clk_wiz_0
    BUFGCE_X0Y287        BUFGCE (Prop_BUFCE_BUFGCE_I_O)
                                                      0.028     1.486 r  pll_50MHz_inst/inst/clkout1_buf/O
    X5Y8 (CLOCK_ROOT)    net (fo=2802, routed)        2.728     4.214    u_cpu_core/u_bram1/clk
    RAMB36_X12Y108       RAMB36E2                                     r  u_cpu_core/u_bram1/mem_reg_3_bram_0/CLKARDCLK
  -------------------------------------------------------------------    -------------------
    RAMB36_X12Y108       RAMB36E2 (Prop_RAMB36E2_RAMB36_CLKARDCLK_CASDOUTA[7])
                                                      1.085     5.299 r  u_cpu_core/u_bram1/mem_reg_3_bram_0/CASDOUTA[7]
                         net (fo=1, routed)           0.035     5.334    u_cpu_core/u_bram1/mem_reg_3_bram_0_n_28
    RAMB36_X12Y109       RAMB36E2 (Prop_RAMB36E2_RAMB36_CASDINA[7]_CASDOUTA[7])
                                                      0.210     5.544 r  u_cpu_core/u_bram1/mem_reg_3_bram_1/CASDOUTA[7]
                         net (fo=1, routed)           0.035     5.579    u_cpu_core/u_bram1/mem_reg_3_bram_1_n_28
    RAMB36_X12Y110       RAMB36E2 (Prop_RAMB36E2_RAMB36_CASDINA[7]_CASDOUTA[7])
                                                      0.210     5.789 r  u_cpu_core/u_bram1/mem_reg_3_bram_2/CASDOUTA[7]
                         net (fo=1, routed)           0.035     5.824    u_cpu_core/u_bram1/mem_reg_3_bram_2_n_28
    RAMB36_X12Y111       RAMB36E2 (Prop_RAMB36E2_RAMB36_CASDINA[7]_DOUTADOUT[7])
                                                      0.117     5.941 r  u_cpu_core/u_bram1/mem_reg_3_bram_3/DOUTADOUT[7]
                         net (fo=3, routed)           1.314     7.255    u_cpu_core/u_cpu1/rdata[31]
    SLICE_X149Y545       LUT3 (Prop_D5LUT_SLICEM_I2_O)
                                                      0.097     7.352 r  u_cpu_core/u_cpu1/mem_rdata_q[31]_i_2__0/O
                         net (fo=4, routed)           0.187     7.539    u_cpu_core/u_cpu1/mem_rdata1[31]
    SLICE_X149Y548       LUT6 (Prop_C6LUT_SLICEM_I5_O)
                                                      0.037     7.576 r  u_cpu_core/u_cpu1/reg_out[31]_i_7__0/O
                         net (fo=1, routed)           0.021     7.597    u_cpu_core/u_cpu1/reg_out[31]_i_7__0_n_0
    SLICE_X149Y548       MUXF7 (Prop_F7MUX_CD_SLICEM_I1_O)
                                                      0.068     7.665 r  u_cpu_core/u_cpu1/reg_out_reg[31]_i_4__0/O
                         net (fo=25, routed)          0.402     8.067    u_cpu_core/u_cpu1/reg_out_reg[31]_i_4__0_n_0
    SLICE_X147Y542       LUT5 (Prop_F6LUT_SLICEL_I2_O)
                                                      0.148     8.215 r  u_cpu_core/u_cpu1/reg_out[8]_i_1__0/O
                         net (fo=1, routed)           0.051     8.266    u_cpu_core/u_cpu1/reg_out[8]
    SLICE_X147Y542       FDRE                                         r  u_cpu_core/u_cpu1/reg_out_reg[8]/D
  -------------------------------------------------------------------    -------------------

                         (clock clk_out1_clk_wiz_0 rise edge)
                                                     20.000    20.000 r  
    G30                                               0.000    20.000 r  USER_SI570_CLOCK_P (IN)
                         net (fo=0)                   0.079    20.079    pll_50MHz_inst/inst/clkin1_ibufds/I
    HPIOBDIFFINBUF_X0Y275
                         DIFFINBUF (Prop_DIFFINBUF_HPIOBDIFFINBUF_DIFF_IN_P_O)
                                                      0.503    20.582 r  pll_50MHz_inst/inst/clkin1_ibufds/DIFFINBUF_INST/O
                         net (fo=1, routed)           0.040    20.622    pll_50MHz_inst/inst/clkin1_ibufds/OUT
    G30                  IBUFCTRL (Prop_IBUFCTRL_HPIOB_M_I_O)
                                                      0.000    20.622 r  pll_50MHz_inst/inst/clkin1_ibufds/IBUFCTRL_INST/O
                         net (fo=1, routed)           0.339    20.961    pll_50MHz_inst/inst/clk_in1_clk_wiz_0
    PLL_X0Y23            PLLE4_ADV (Prop_PLL_CLKIN_CLKOUT0)
                                                      0.430    21.391 r  pll_50MHz_inst/inst/plle4_adv_inst/CLKOUT0
                         net (fo=1, routed)           0.233    21.624    pll_50MHz_inst/inst/clk_out1_clk_wiz_0
    BUFGCE_X0Y287        BUFGCE (Prop_BUFCE_BUFGCE_I_O)
                                                      0.024    21.648 r  pll_50MHz_inst/inst/clkout1_buf/O
    X5Y8 (CLOCK_ROOT)    net (fo=2802, routed)        2.178    23.826    u_cpu_core/u_cpu1/clk_out1
    SLICE_X147Y542       FDRE                                         r  u_cpu_core/u_cpu1/reg_out_reg[8]/C
                         clock pessimism              0.021    23.847    
                         clock uncertainty           -0.071    23.776    
    SLICE_X147Y542       FDRE (Setup_FFF_SLICEL_C_D)
                                                      0.025    23.801    u_cpu_core/u_cpu1/reg_out_reg[8]
  -------------------------------------------------------------------
                         required time                         23.801    
                         arrival time                          -8.266    
  -------------------------------------------------------------------
                         slack                                 15.535    

Slack (MET) :             15.540ns  (required time - arrival time)
  Source:                 u_cpu_core/u_bram1/mem_reg_3_bram_0/CLKARDCLK
                            (rising edge-triggered cell RAMB36E2 clocked by clk_out1_clk_wiz_0  {rise@0.000ns fall@10.000ns period=20.000ns})
  Destination:            u_cpu_core/u_cpu1/reg_out_reg[24]/D
                            (rising edge-triggered cell FDRE clocked by clk_out1_clk_wiz_0  {rise@0.000ns fall@10.000ns period=20.000ns})
  Path Group:             clk_out1_clk_wiz_0
  Path Type:              Setup (Max at Slow Process Corner)
  Requirement:            20.000ns  (clk_out1_clk_wiz_0 rise@20.000ns - clk_out1_clk_wiz_0 rise@0.000ns)
  Data Path Delay:        4.048ns  (logic 1.923ns (47.501%)  route 2.125ns (52.499%))
  Logic Levels:           7  (LUT3=1 LUT6=2 MUXF7=1 RAMB36E2=3)
  Clock Path Skew:        -0.366ns (DCD - SCD + CPR)
    Destination Clock Delay (DCD):    3.826ns = ( 23.826 - 20.000 ) 
    Source Clock Delay      (SCD):    4.214ns
    Clock Pessimism Removal (CPR):    0.021ns
  Clock Uncertainty:      0.071ns  ((TSJ^2 + DJ^2)^1/2) / 2 + PE
    Total System Jitter     (TSJ):    0.071ns
    Discrete Jitter          (DJ):    0.123ns
    Phase Error              (PE):    0.000ns
  Clock Net Delay (Source):      2.728ns (routing 1.510ns, distribution 1.218ns)
  Clock Net Delay (Destination): 2.178ns (routing 1.368ns, distribution 0.810ns)

    Location             Delay type                Incr(ns)  Path(ns)    Netlist Resource(s)
  -------------------------------------------------------------------    -------------------
                         (clock clk_out1_clk_wiz_0 rise edge)
                                                      0.000     0.000 r  
    G30                                               0.000     0.000 r  USER_SI570_CLOCK_P (IN)
                         net (fo=0)                   0.100     0.100    pll_50MHz_inst/inst/clkin1_ibufds/I
    HPIOBDIFFINBUF_X0Y275
                         DIFFINBUF (Prop_DIFFINBUF_HPIOBDIFFINBUF_DIFF_IN_P_O)
                                                      0.613     0.713 r  pll_50MHz_inst/inst/clkin1_ibufds/DIFFINBUF_INST/O
                         net (fo=1, routed)           0.050     0.763    pll_50MHz_inst/inst/clkin1_ibufds/OUT
    G30                  IBUFCTRL (Prop_IBUFCTRL_HPIOB_M_I_O)
                                                      0.000     0.763 r  pll_50MHz_inst/inst/clkin1_ibufds/IBUFCTRL_INST/O
                         net (fo=1, routed)           0.390     1.153    pll_50MHz_inst/inst/clk_in1_clk_wiz_0
    PLL_X0Y23            PLLE4_ADV (Prop_PLL_CLKIN_CLKOUT0)
                                                      0.033     1.186 r  pll_50MHz_inst/inst/plle4_adv_inst/CLKOUT0
                         net (fo=1, routed)           0.272     1.458    pll_50MHz_inst/inst/clk_out1_clk_wiz_0
    BUFGCE_X0Y287        BUFGCE (Prop_BUFCE_BUFGCE_I_O)
                                                      0.028     1.486 r  pll_50MHz_inst/inst/clkout1_buf/O
    X5Y8 (CLOCK_ROOT)    net (fo=2802, routed)        2.728     4.214    u_cpu_core/u_bram1/clk
    RAMB36_X12Y108       RAMB36E2                                     r  u_cpu_core/u_bram1/mem_reg_3_bram_0/CLKARDCLK
  -------------------------------------------------------------------    -------------------
    RAMB36_X12Y108       RAMB36E2 (Prop_RAMB36E2_RAMB36_CLKARDCLK_CASDOUTA[7])
                                                      1.085     5.299 r  u_cpu_core/u_bram1/mem_reg_3_bram_0/CASDOUTA[7]
                         net (fo=1, routed)           0.035     5.334    u_cpu_core/u_bram1/mem_reg_3_bram_0_n_28
    RAMB36_X12Y109       RAMB36E2 (Prop_RAMB36E2_RAMB36_CASDINA[7]_CASDOUTA[7])
                                                      0.210     5.544 r  u_cpu_core/u_bram1/mem_reg_3_bram_1/CASDOUTA[7]
                         net (fo=1, routed)           0.035     5.579    u_cpu_core/u_bram1/mem_reg_3_bram_1_n_28
    RAMB36_X12Y110       RAMB36E2 (Prop_RAMB36E2_RAMB36_CASDINA[7]_CASDOUTA[7])
                                                      0.210     5.789 r  u_cpu_core/u_bram1/mem_reg_3_bram_2/CASDOUTA[7]
                         net (fo=1, routed)           0.035     5.824    u_cpu_core/u_bram1/mem_reg_3_bram_2_n_28
    RAMB36_X12Y111       RAMB36E2 (Prop_RAMB36E2_RAMB36_CASDINA[7]_DOUTADOUT[7])
                                                      0.117     5.941 r  u_cpu_core/u_bram1/mem_reg_3_bram_3/DOUTADOUT[7]
                         net (fo=3, routed)           1.314     7.255    u_cpu_core/u_cpu1/rdata[31]
    SLICE_X149Y545       LUT3 (Prop_D5LUT_SLICEM_I2_O)
                                                      0.097     7.352 r  u_cpu_core/u_cpu1/mem_rdata_q[31]_i_2__0/O
                         net (fo=4, routed)           0.187     7.539    u_cpu_core/u_cpu1/mem_rdata1[31]
    SLICE_X149Y548       LUT6 (Prop_C6LUT_SLICEM_I5_O)
                                                      0.037     7.576 r  u_cpu_core/u_cpu1/reg_out[31]_i_7__0/O
                         net (fo=1, routed)           0.021     7.597    u_cpu_core/u_cpu1/reg_out[31]_i_7__0_n_0
    SLICE_X149Y548       MUXF7 (Prop_F7MUX_CD_SLICEM_I1_O)
                                                      0.068     7.665 r  u_cpu_core/u_cpu1/reg_out_reg[31]_i_4__0/O
                         net (fo=25, routed)          0.447     8.112    u_cpu_core/u_cpu1/reg_out_reg[31]_i_4__0_n_0
    SLICE_X147Y542       LUT6 (Prop_H6LUT_SLICEL_I3_O)
                                                      0.099     8.211 r  u_cpu_core/u_cpu1/reg_out[24]_i_1__0/O
                         net (fo=1, routed)           0.051     8.262    u_cpu_core/u_cpu1/reg_out[24]
    SLICE_X147Y542       FDRE                                         r  u_cpu_core/u_cpu1/reg_out_reg[24]/D
  -------------------------------------------------------------------    -------------------

                         (clock clk_out1_clk_wiz_0 rise edge)
                                                     20.000    20.000 r  
    G30                                               0.000    20.000 r  USER_SI570_CLOCK_P (IN)
                         net (fo=0)                   0.079    20.079    pll_50MHz_inst/inst/clkin1_ibufds/I
    HPIOBDIFFINBUF_X0Y275
                         DIFFINBUF (Prop_DIFFINBUF_HPIOBDIFFINBUF_DIFF_IN_P_O)
                                                      0.503    20.582 r  pll_50MHz_inst/inst/clkin1_ibufds/DIFFINBUF_INST/O
                         net (fo=1, routed)           0.040    20.622    pll_50MHz_inst/inst/clkin1_ibufds/OUT
    G30                  IBUFCTRL (Prop_IBUFCTRL_HPIOB_M_I_O)
                                                      0.000    20.622 r  pll_50MHz_inst/inst/clkin1_ibufds/IBUFCTRL_INST/O
                         net (fo=1, routed)           0.339    20.961    pll_50MHz_inst/inst/clk_in1_clk_wiz_0
    PLL_X0Y23            PLLE4_ADV (Prop_PLL_CLKIN_CLKOUT0)
                                                      0.430    21.391 r  pll_50MHz_inst/inst/plle4_adv_inst/CLKOUT0
                         net (fo=1, routed)           0.233    21.624    pll_50MHz_inst/inst/clk_out1_clk_wiz_0
    BUFGCE_X0Y287        BUFGCE (Prop_BUFCE_BUFGCE_I_O)
                                                      0.024    21.648 r  pll_50MHz_inst/inst/clkout1_buf/O
    X5Y8 (CLOCK_ROOT)    net (fo=2802, routed)        2.178    23.826    u_cpu_core/u_cpu1/clk_out1
    SLICE_X147Y542       FDRE                                         r  u_cpu_core/u_cpu1/reg_out_reg[24]/C
                         clock pessimism              0.021    23.847    
                         clock uncertainty           -0.071    23.776    
    SLICE_X147Y542       FDRE (Setup_HFF_SLICEL_C_D)
                                                      0.025    23.801    u_cpu_core/u_cpu1/reg_out_reg[24]
  -------------------------------------------------------------------
                         required time                         23.801    
                         arrival time                          -8.262    
  -------------------------------------------------------------------
                         slack                                 15.540    

Slack (MET) :             15.545ns  (required time - arrival time)
  Source:                 u_cpu_core/u_bram1/mem_reg_3_bram_0/CLKARDCLK
                            (rising edge-triggered cell RAMB36E2 clocked by clk_out1_clk_wiz_0  {rise@0.000ns fall@10.000ns period=20.000ns})
  Destination:            u_cpu_core/u_cpu1/reg_out_reg[7]/D
                            (rising edge-triggered cell FDRE clocked by clk_out1_clk_wiz_0  {rise@0.000ns fall@10.000ns period=20.000ns})
  Path Group:             clk_out1_clk_wiz_0
  Path Type:              Setup (Max at Slow Process Corner)
  Requirement:            20.000ns  (clk_out1_clk_wiz_0 rise@20.000ns - clk_out1_clk_wiz_0 rise@0.000ns)
  Data Path Delay:        4.043ns  (logic 1.921ns (47.510%)  route 2.122ns (52.490%))
  Logic Levels:           7  (LUT3=1 LUT6=2 MUXF7=1 RAMB36E2=3)
  Clock Path Skew:        -0.366ns (DCD - SCD + CPR)
    Destination Clock Delay (DCD):    3.826ns = ( 23.826 - 20.000 ) 
    Source Clock Delay      (SCD):    4.214ns
    Clock Pessimism Removal (CPR):    0.021ns
  Clock Uncertainty:      0.071ns  ((TSJ^2 + DJ^2)^1/2) / 2 + PE
    Total System Jitter     (TSJ):    0.071ns
    Discrete Jitter          (DJ):    0.123ns
    Phase Error              (PE):    0.000ns
  Clock Net Delay (Source):      2.728ns (routing 1.510ns, distribution 1.218ns)
  Clock Net Delay (Destination): 2.178ns (routing 1.368ns, distribution 0.810ns)

    Location             Delay type                Incr(ns)  Path(ns)    Netlist Resource(s)
  -------------------------------------------------------------------    -------------------
                         (clock clk_out1_clk_wiz_0 rise edge)
                                                      0.000     0.000 r  
    G30                                               0.000     0.000 r  USER_SI570_CLOCK_P (IN)
                         net (fo=0)                   0.100     0.100    pll_50MHz_inst/inst/clkin1_ibufds/I
    HPIOBDIFFINBUF_X0Y275
                         DIFFINBUF (Prop_DIFFINBUF_HPIOBDIFFINBUF_DIFF_IN_P_O)
                                                      0.613     0.713 r  pll_50MHz_inst/inst/clkin1_ibufds/DIFFINBUF_INST/O
                         net (fo=1, routed)           0.050     0.763    pll_50MHz_inst/inst/clkin1_ibufds/OUT
    G30                  IBUFCTRL (Prop_IBUFCTRL_HPIOB_M_I_O)
                                                      0.000     0.763 r  pll_50MHz_inst/inst/clkin1_ibufds/IBUFCTRL_INST/O
                         net (fo=1, routed)           0.390     1.153    pll_50MHz_inst/inst/clk_in1_clk_wiz_0
    PLL_X0Y23            PLLE4_ADV (Prop_PLL_CLKIN_CLKOUT0)
                                                      0.033     1.186 r  pll_50MHz_inst/inst/plle4_adv_inst/CLKOUT0
                         net (fo=1, routed)           0.272     1.458    pll_50MHz_inst/inst/clk_out1_clk_wiz_0
    BUFGCE_X0Y287        BUFGCE (Prop_BUFCE_BUFGCE_I_O)
                                                      0.028     1.486 r  pll_50MHz_inst/inst/clkout1_buf/O
    X5Y8 (CLOCK_ROOT)    net (fo=2802, routed)        2.728     4.214    u_cpu_core/u_bram1/clk
    RAMB36_X12Y108       RAMB36E2                                     r  u_cpu_core/u_bram1/mem_reg_3_bram_0/CLKARDCLK
  -------------------------------------------------------------------    -------------------
    RAMB36_X12Y108       RAMB36E2 (Prop_RAMB36E2_RAMB36_CLKARDCLK_CASDOUTA[7])
                                                      1.085     5.299 r  u_cpu_core/u_bram1/mem_reg_3_bram_0/CASDOUTA[7]
                         net (fo=1, routed)           0.035     5.334    u_cpu_core/u_bram1/mem_reg_3_bram_0_n_28
    RAMB36_X12Y109       RAMB36E2 (Prop_RAMB36E2_RAMB36_CASDINA[7]_CASDOUTA[7])
                                                      0.210     5.544 r  u_cpu_core/u_bram1/mem_reg_3_bram_1/CASDOUTA[7]
                         net (fo=1, routed)           0.035     5.579    u_cpu_core/u_bram1/mem_reg_3_bram_1_n_28
    RAMB36_X12Y110       RAMB36E2 (Prop_RAMB36E2_RAMB36_CASDINA[7]_CASDOUTA[7])
                                                      0.210     5.789 r  u_cpu_core/u_bram1/mem_reg_3_bram_2/CASDOUTA[7]
                         net (fo=1, routed)           0.035     5.824    u_cpu_core/u_bram1/mem_reg_3_bram_2_n_28
    RAMB36_X12Y111       RAMB36E2 (Prop_RAMB36E2_RAMB36_CASDINA[7]_DOUTADOUT[7])
                                                      0.117     5.941 r  u_cpu_core/u_bram1/mem_reg_3_bram_3/DOUTADOUT[7]
                         net (fo=3, routed)           1.314     7.255    u_cpu_core/u_cpu1/rdata[31]
    SLICE_X149Y545       LUT3 (Prop_D5LUT_SLICEM_I2_O)
                                                      0.097     7.352 r  u_cpu_core/u_cpu1/mem_rdata_q[31]_i_2__0/O
                         net (fo=4, routed)           0.187     7.539    u_cpu_core/u_cpu1/mem_rdata1[31]
    SLICE_X149Y548       LUT6 (Prop_C6LUT_SLICEM_I5_O)
                                                      0.037     7.576 r  u_cpu_core/u_cpu1/reg_out[31]_i_7__0/O
                         net (fo=1, routed)           0.021     7.597    u_cpu_core/u_cpu1/reg_out[31]_i_7__0_n_0
    SLICE_X149Y548       MUXF7 (Prop_F7MUX_CD_SLICEM_I1_O)
                                                      0.068     7.665 r  u_cpu_core/u_cpu1/reg_out_reg[31]_i_4__0/O
                         net (fo=25, routed)          0.447     8.112    u_cpu_core/u_cpu1/reg_out_reg[31]_i_4__0_n_0
    SLICE_X147Y542       LUT6 (Prop_G6LUT_SLICEL_I3_O)
                                                      0.097     8.209 r  u_cpu_core/u_cpu1/reg_out[7]_i_1__0/O
                         net (fo=1, routed)           0.048     8.257    u_cpu_core/u_cpu1/reg_out[7]
    SLICE_X147Y542       FDRE                                         r  u_cpu_core/u_cpu1/reg_out_reg[7]/D
  -------------------------------------------------------------------    -------------------

                         (clock clk_out1_clk_wiz_0 rise edge)
                                                     20.000    20.000 r  
    G30                                               0.000    20.000 r  USER_SI570_CLOCK_P (IN)
                         net (fo=0)                   0.079    20.079    pll_50MHz_inst/inst/clkin1_ibufds/I
    HPIOBDIFFINBUF_X0Y275
                         DIFFINBUF (Prop_DIFFINBUF_HPIOBDIFFINBUF_DIFF_IN_P_O)
                                                      0.503    20.582 r  pll_50MHz_inst/inst/clkin1_ibufds/DIFFINBUF_INST/O
                         net (fo=1, routed)           0.040    20.622    pll_50MHz_inst/inst/clkin1_ibufds/OUT
    G30                  IBUFCTRL (Prop_IBUFCTRL_HPIOB_M_I_O)
                                                      0.000    20.622 r  pll_50MHz_inst/inst/clkin1_ibufds/IBUFCTRL_INST/O
                         net (fo=1, routed)           0.339    20.961    pll_50MHz_inst/inst/clk_in1_clk_wiz_0
    PLL_X0Y23            PLLE4_ADV (Prop_PLL_CLKIN_CLKOUT0)
                                                      0.430    21.391 r  pll_50MHz_inst/inst/plle4_adv_inst/CLKOUT0
                         net (fo=1, routed)           0.233    21.624    pll_50MHz_inst/inst/clk_out1_clk_wiz_0
    BUFGCE_X0Y287        BUFGCE (Prop_BUFCE_BUFGCE_I_O)
                                                      0.024    21.648 r  pll_50MHz_inst/inst/clkout1_buf/O
    X5Y8 (CLOCK_ROOT)    net (fo=2802, routed)        2.178    23.826    u_cpu_core/u_cpu1/clk_out1
    SLICE_X147Y542       FDRE                                         r  u_cpu_core/u_cpu1/reg_out_reg[7]/C
                         clock pessimism              0.021    23.847    
                         clock uncertainty           -0.071    23.776    
    SLICE_X147Y542       FDRE (Setup_GFF_SLICEL_C_D)
                                                      0.025    23.801    u_cpu_core/u_cpu1/reg_out_reg[7]
  -------------------------------------------------------------------
                         required time                         23.801    
                         arrival time                          -8.257    
  -------------------------------------------------------------------
                         slack                                 15.545    

Slack (MET) :             15.546ns  (required time - arrival time)
  Source:                 u_cpu_core/u_cpu0/mem_addr_reg[22]/C
                            (rising edge-triggered cell FDRE clocked by clk_out1_clk_wiz_0  {rise@0.000ns fall@10.000ns period=20.000ns})
  Destination:            u_cpu_core/u_bram0/mem_reg_0_bram_0/ENARDEN
                            (rising edge-triggered cell RAMB36E2 clocked by clk_out1_clk_wiz_0  {rise@0.000ns fall@10.000ns period=20.000ns})
  Path Group:             clk_out1_clk_wiz_0
  Path Type:              Setup (Max at Slow Process Corner)
  Requirement:            20.000ns  (clk_out1_clk_wiz_0 rise@20.000ns - clk_out1_clk_wiz_0 rise@0.000ns)
  Data Path Delay:        3.893ns  (logic 0.654ns (16.798%)  route 3.239ns (83.202%))
  Logic Levels:           5  (LUT2=1 LUT3=1 LUT4=1 LUT5=1 LUT6=1)
  Clock Path Skew:        -0.147ns (DCD - SCD + CPR)
    Destination Clock Delay (DCD):    3.856ns = ( 23.856 - 20.000 ) 
    Source Clock Delay      (SCD):    3.983ns
    Clock Pessimism Removal (CPR):    -0.020ns
  Clock Uncertainty:      0.071ns  ((TSJ^2 + DJ^2)^1/2) / 2 + PE
    Total System Jitter     (TSJ):    0.071ns
    Discrete Jitter          (DJ):    0.123ns
    Phase Error              (PE):    0.000ns
  Clock Net Delay (Source):      2.497ns (routing 1.510ns, distribution 0.987ns)
  Clock Net Delay (Destination): 2.208ns (routing 1.368ns, distribution 0.840ns)

    Location             Delay type                Incr(ns)  Path(ns)    Netlist Resource(s)
  -------------------------------------------------------------------    -------------------
                         (clock clk_out1_clk_wiz_0 rise edge)
                                                      0.000     0.000 r  
    G30                                               0.000     0.000 r  USER_SI570_CLOCK_P (IN)
                         net (fo=0)                   0.100     0.100    pll_50MHz_inst/inst/clkin1_ibufds/I
    HPIOBDIFFINBUF_X0Y275
                         DIFFINBUF (Prop_DIFFINBUF_HPIOBDIFFINBUF_DIFF_IN_P_O)
                                                      0.613     0.713 r  pll_50MHz_inst/inst/clkin1_ibufds/DIFFINBUF_INST/O
                         net (fo=1, routed)           0.050     0.763    pll_50MHz_inst/inst/clkin1_ibufds/OUT
    G30                  IBUFCTRL (Prop_IBUFCTRL_HPIOB_M_I_O)
                                                      0.000     0.763 r  pll_50MHz_inst/inst/clkin1_ibufds/IBUFCTRL_INST/O
                         net (fo=1, routed)           0.390     1.153    pll_50MHz_inst/inst/clk_in1_clk_wiz_0
    PLL_X0Y23            PLLE4_ADV (Prop_PLL_CLKIN_CLKOUT0)
                                                      0.033     1.186 r  pll_50MHz_inst/inst/plle4_adv_inst/CLKOUT0
                         net (fo=1, routed)           0.272     1.458    pll_50MHz_inst/inst/clk_out1_clk_wiz_0
    BUFGCE_X0Y287        BUFGCE (Prop_BUFCE_BUFGCE_I_O)
                                                      0.028     1.486 r  pll_50MHz_inst/inst/clkout1_buf/O
    X5Y8 (CLOCK_ROOT)    net (fo=2802, routed)        2.497     3.983    u_cpu_core/u_cpu0/clk_out1
    SLICE_X132Y496       FDRE                                         r  u_cpu_core/u_cpu0/mem_addr_reg[22]/C
  -------------------------------------------------------------------    -------------------
    SLICE_X132Y496       FDRE (Prop_BFF_SLICEL_C_Q)
                                                      0.079     4.062 f  u_cpu_core/u_cpu0/mem_addr_reg[22]/Q
                         net (fo=1, routed)           0.097     4.159    u_cpu_core/u_cpu0/mem_addr0[22]
    SLICE_X132Y496       LUT4 (Prop_F6LUT_SLICEL_I1_O)
                                                      0.123     4.282 f  u_cpu_core/u_cpu0/mem_rdata_q[31]_i_7/O
                         net (fo=2, routed)           0.146     4.427    u_cpu_core/u_cpu0/mem_rdata_q[31]_i_7_n_0
    SLICE_X133Y497       LUT5 (Prop_D5LUT_SLICEM_I4_O)
                                                      0.135     4.562 f  u_cpu_core/u_cpu0/u_bram0_i_4/O
                         net (fo=2, routed)           0.143     4.705    u_cpu_core/u_cpu0/u_bram0_i_4_n_0
    SLICE_X135Y497       LUT6 (Prop_F6LUT_SLICEL_I5_O)
                                                      0.123     4.828 f  u_cpu_core/u_cpu0/u_bram0_i_2/O
                         net (fo=25, routed)          0.315     5.143    u_cpu_core/u_cpu0/u_bram0_i_2_n_0
    SLICE_X138Y496       LUT2 (Prop_D5LUT_SLICEL_I1_O)
                                                      0.096     5.239 r  u_cpu_core/u_cpu0/u_bram0_i_1/O
                         net (fo=16, routed)          0.392     5.631    u_cpu_core/u_bram0/en
    SLICE_X127Y497       LUT3 (Prop_C5LUT_SLICEL_I0_O)
                                                      0.098     5.729 r  u_cpu_core/u_bram0/mem_reg_0_bram_0_i_1/O
                         net (fo=4, routed)           2.147     7.876    u_cpu_core/u_bram0/mem_reg_0_bram_0_i_1_n_0
    RAMB36_X11Y108       RAMB36E2                                     r  u_cpu_core/u_bram0/mem_reg_0_bram_0/ENARDEN
  -------------------------------------------------------------------    -------------------

                         (clock clk_out1_clk_wiz_0 rise edge)
                                                     20.000    20.000 r  
    G30                                               0.000    20.000 r  USER_SI570_CLOCK_P (IN)
                         net (fo=0)                   0.079    20.079    pll_50MHz_inst/inst/clkin1_ibufds/I
    HPIOBDIFFINBUF_X0Y275
                         DIFFINBUF (Prop_DIFFINBUF_HPIOBDIFFINBUF_DIFF_IN_P_O)
                                                      0.503    20.582 r  pll_50MHz_inst/inst/clkin1_ibufds/DIFFINBUF_INST/O
                         net (fo=1, routed)           0.040    20.622    pll_50MHz_inst/inst/clkin1_ibufds/OUT
    G30                  IBUFCTRL (Prop_IBUFCTRL_HPIOB_M_I_O)
                                                      0.000    20.622 r  pll_50MHz_inst/inst/clkin1_ibufds/IBUFCTRL_INST/O
                         net (fo=1, routed)           0.339    20.961    pll_50MHz_inst/inst/clk_in1_clk_wiz_0
    PLL_X0Y23            PLLE4_ADV (Prop_PLL_CLKIN_CLKOUT0)
                                                      0.430    21.391 r  pll_50MHz_inst/inst/plle4_adv_inst/CLKOUT0
                         net (fo=1, routed)           0.233    21.624    pll_50MHz_inst/inst/clk_out1_clk_wiz_0
    BUFGCE_X0Y287        BUFGCE (Prop_BUFCE_BUFGCE_I_O)
                                                      0.024    21.648 r  pll_50MHz_inst/inst/clkout1_buf/O
    X5Y8 (CLOCK_ROOT)    net (fo=2802, routed)        2.208    23.856    u_cpu_core/u_bram0/clk
    RAMB36_X11Y108       RAMB36E2                                     r  u_cpu_core/u_bram0/mem_reg_0_bram_0/CLKARDCLK
                         clock pessimism             -0.020    23.836    
                         clock uncertainty           -0.071    23.765    
    RAMB36_X11Y108       RAMB36E2 (Setup_RAMB36E2_RAMB36_CLKARDCLK_ENARDEN)
                                                     -0.342    23.423    u_cpu_core/u_bram0/mem_reg_0_bram_0
  -------------------------------------------------------------------
                         required time                         23.423    
                         arrival time                          -7.876    
  -------------------------------------------------------------------
                         slack                                 15.546    

Slack (MET) :             15.579ns  (required time - arrival time)
  Source:                 u_cpu_core/u_bram2/mem_reg_1_bram_0/CLKARDCLK
                            (rising edge-triggered cell RAMB36E2 clocked by clk_out1_clk_wiz_0  {rise@0.000ns fall@10.000ns period=20.000ns})
  Destination:            u_cpu_core/u_cpu2/reg_out_reg[16]/D
                            (rising edge-triggered cell FDRE clocked by clk_out1_clk_wiz_0  {rise@0.000ns fall@10.000ns period=20.000ns})
  Path Group:             clk_out1_clk_wiz_0
  Path Type:              Setup (Max at Slow Process Corner)
  Requirement:            20.000ns  (clk_out1_clk_wiz_0 rise@20.000ns - clk_out1_clk_wiz_0 rise@0.000ns)
  Data Path Delay:        4.142ns  (logic 1.875ns (45.272%)  route 2.267ns (54.728%))
  Logic Levels:           7  (LUT3=1 LUT6=2 MUXF7=1 RAMB36E2=3)
  Clock Path Skew:        -0.233ns (DCD - SCD + CPR)
    Destination Clock Delay (DCD):    3.883ns = ( 23.883 - 20.000 ) 
    Source Clock Delay      (SCD):    4.136ns
    Clock Pessimism Removal (CPR):    0.020ns
  Clock Uncertainty:      0.071ns  ((TSJ^2 + DJ^2)^1/2) / 2 + PE
    Total System Jitter     (TSJ):    0.071ns
    Discrete Jitter          (DJ):    0.123ns
    Phase Error              (PE):    0.000ns
  Clock Net Delay (Source):      2.650ns (routing 1.510ns, distribution 1.140ns)
  Clock Net Delay (Destination): 2.235ns (routing 1.368ns, distribution 0.867ns)

    Location             Delay type                Incr(ns)  Path(ns)    Netlist Resource(s)
  -------------------------------------------------------------------    -------------------
                         (clock clk_out1_clk_wiz_0 rise edge)
                                                      0.000     0.000 r  
    G30                                               0.000     0.000 r  USER_SI570_CLOCK_P (IN)
                         net (fo=0)                   0.100     0.100    pll_50MHz_inst/inst/clkin1_ibufds/I
    HPIOBDIFFINBUF_X0Y275
                         DIFFINBUF (Prop_DIFFINBUF_HPIOBDIFFINBUF_DIFF_IN_P_O)
                                                      0.613     0.713 r  pll_50MHz_inst/inst/clkin1_ibufds/DIFFINBUF_INST/O
                         net (fo=1, routed)           0.050     0.763    pll_50MHz_inst/inst/clkin1_ibufds/OUT
    G30                  IBUFCTRL (Prop_IBUFCTRL_HPIOB_M_I_O)
                                                      0.000     0.763 r  pll_50MHz_inst/inst/clkin1_ibufds/IBUFCTRL_INST/O
                         net (fo=1, routed)           0.390     1.153    pll_50MHz_inst/inst/clk_in1_clk_wiz_0
    PLL_X0Y23            PLLE4_ADV (Prop_PLL_CLKIN_CLKOUT0)
                                                      0.033     1.186 r  pll_50MHz_inst/inst/plle4_adv_inst/CLKOUT0
                         net (fo=1, routed)           0.272     1.458    pll_50MHz_inst/inst/clk_out1_clk_wiz_0
    BUFGCE_X0Y287        BUFGCE (Prop_BUFCE_BUFGCE_I_O)
                                                      0.028     1.486 r  pll_50MHz_inst/inst/clkout1_buf/O
    X5Y8 (CLOCK_ROOT)    net (fo=2802, routed)        2.650     4.136    u_cpu_core/u_bram2/clk
    RAMB36_X12Y104       RAMB36E2                                     r  u_cpu_core/u_bram2/mem_reg_1_bram_0/CLKARDCLK
  -------------------------------------------------------------------    -------------------
    RAMB36_X12Y104       RAMB36E2 (Prop_RAMB36E2_RAMB36_CLKARDCLK_CASDOUTA[7])
                                                      1.085     5.221 r  u_cpu_core/u_bram2/mem_reg_1_bram_0/CASDOUTA[7]
                         net (fo=1, routed)           0.035     5.256    u_cpu_core/u_bram2/mem_reg_1_bram_0_n_28
    RAMB36_X12Y105       RAMB36E2 (Prop_RAMB36E2_RAMB36_CASDINA[7]_CASDOUTA[7])
                                                      0.210     5.466 r  u_cpu_core/u_bram2/mem_reg_1_bram_1/CASDOUTA[7]
                         net (fo=1, routed)           0.035     5.501    u_cpu_core/u_bram2/mem_reg_1_bram_1_n_28
    RAMB36_X12Y106       RAMB36E2 (Prop_RAMB36E2_RAMB36_CASDINA[7]_CASDOUTA[7])
                                                      0.210     5.711 r  u_cpu_core/u_bram2/mem_reg_1_bram_2/CASDOUTA[7]
                         net (fo=1, routed)           0.035     5.746    u_cpu_core/u_bram2/mem_reg_1_bram_2_n_28
    RAMB36_X12Y107       RAMB36E2 (Prop_RAMB36E2_RAMB36_CASDINA[7]_DOUTADOUT[7])
                                                      0.117     5.863 r  u_cpu_core/u_bram2/mem_reg_1_bram_3/DOUTADOUT[7]
                         net (fo=3, routed)           1.516     7.378    u_cpu_core/u_cpu2/rdata[15]
    SLICE_X129Y536       LUT3 (Prop_D6LUT_SLICEM_I2_O)
                                                      0.051     7.429 r  u_cpu_core/u_cpu2/mem_rdata_q[15]_i_1__1/O
                         net (fo=3, routed)           0.147     7.576    u_cpu_core/u_cpu2/mem_rdata2[15]
    SLICE_X131Y538       LUT6 (Prop_C6LUT_SLICEL_I1_O)
                                                      0.050     7.626 r  u_cpu_core/u_cpu2/reg_out[31]_i_7__1/O
                         net (fo=1, routed)           0.010     7.636    u_cpu_core/u_cpu2/reg_out[31]_i_7__1_n_0
    SLICE_X131Y538       MUXF7 (Prop_F7MUX_CD_SLICEL_I1_O)
                                                      0.064     7.700 r  u_cpu_core/u_cpu2/reg_out_reg[31]_i_4__1/O
                         net (fo=25, routed)          0.417     8.117    u_cpu_core/u_cpu2/reg_out_reg[31]_i_4__1_n_0
    SLICE_X128Y533       LUT6 (Prop_D6LUT_SLICEM_I3_O)
                                                      0.088     8.205 r  u_cpu_core/u_cpu2/reg_out[16]_i_1__1/O
                         net (fo=1, routed)           0.072     8.277    u_cpu_core/u_cpu2/reg_out[16]
    SLICE_X128Y533       FDRE                                         r  u_cpu_core/u_cpu2/reg_out_reg[16]/D
  -------------------------------------------------------------------    -------------------

                         (clock clk_out1_clk_wiz_0 rise edge)
                                                     20.000    20.000 r  
    G30                                               0.000    20.000 r  USER_SI570_CLOCK_P (IN)
                         net (fo=0)                   0.079    20.079    pll_50MHz_inst/inst/clkin1_ibufds/I
    HPIOBDIFFINBUF_X0Y275
                         DIFFINBUF (Prop_DIFFINBUF_HPIOBDIFFINBUF_DIFF_IN_P_O)
                                                      0.503    20.582 r  pll_50MHz_inst/inst/clkin1_ibufds/DIFFINBUF_INST/O
                         net (fo=1, routed)           0.040    20.622    pll_50MHz_inst/inst/clkin1_ibufds/OUT
    G30                  IBUFCTRL (Prop_IBUFCTRL_HPIOB_M_I_O)
                                                      0.000    20.622 r  pll_50MHz_inst/inst/clkin1_ibufds/IBUFCTRL_INST/O
                         net (fo=1, routed)           0.339    20.961    pll_50MHz_inst/inst/clk_in1_clk_wiz_0
    PLL_X0Y23            PLLE4_ADV (Prop_PLL_CLKIN_CLKOUT0)
                                                      0.430    21.391 r  pll_50MHz_inst/inst/plle4_adv_inst/CLKOUT0
                         net (fo=1, routed)           0.233    21.624    pll_50MHz_inst/inst/clk_out1_clk_wiz_0
    BUFGCE_X0Y287        BUFGCE (Prop_BUFCE_BUFGCE_I_O)
                                                      0.024    21.648 r  pll_50MHz_inst/inst/clkout1_buf/O
    X5Y8 (CLOCK_ROOT)    net (fo=2802, routed)        2.235    23.883    u_cpu_core/u_cpu2/clk_out1
    SLICE_X128Y533       FDRE                                         r  u_cpu_core/u_cpu2/reg_out_reg[16]/C
                         clock pessimism              0.020    23.903    
                         clock uncertainty           -0.071    23.832    
    SLICE_X128Y533       FDRE (Setup_DFF_SLICEM_C_D)
                                                      0.025    23.857    u_cpu_core/u_cpu2/reg_out_reg[16]
  -------------------------------------------------------------------
                         required time                         23.857    
                         arrival time                          -8.277    
  -------------------------------------------------------------------
                         slack                                 15.579    





Min Delay Paths
--------------------------------------------------------------------------------------
Slack (MET) :             0.003ns  (arrival time - required time)
  Source:                 u_cpu_core/u_cpu3/latched_rd_reg[2]/C
                            (rising edge-triggered cell FDRE clocked by clk_out1_clk_wiz_0  {rise@0.000ns fall@10.000ns period=20.000ns})
  Destination:            u_cpu_core/u_cpu3/cpuregs_reg_r1_0_31_0_13/RAMA/WADR2
                            (rising edge-triggered cell RAMD32 clocked by clk_out1_clk_wiz_0  {rise@0.000ns fall@10.000ns period=20.000ns})
  Path Group:             clk_out1_clk_wiz_0
  Path Type:              Hold (Min at Slow Process Corner)
  Requirement:            0.000ns  (clk_out1_clk_wiz_0 rise@0.000ns - clk_out1_clk_wiz_0 rise@0.000ns)
  Data Path Delay:        0.218ns  (logic 0.060ns (27.508%)  route 0.158ns (72.492%))
  Logic Levels:           0  
  Clock Path Skew:        0.125ns (DCD - SCD - CPR)
    Destination Clock Delay (DCD):    4.018ns
    Source Clock Delay      (SCD):    3.867ns
    Clock Pessimism Removal (CPR):    0.026ns
  Clock Net Delay (Source):      2.219ns (routing 1.368ns, distribution 0.851ns)
  Clock Net Delay (Destination): 2.533ns (routing 1.510ns, distribution 1.023ns)

    Location             Delay type                Incr(ns)  Path(ns)    Netlist Resource(s)
  -------------------------------------------------------------------    -------------------
                         (clock clk_out1_clk_wiz_0 rise edge)
                                                      0.000     0.000 r  
    G30                                               0.000     0.000 r  USER_SI570_CLOCK_P (IN)
                         net (fo=0)                   0.079     0.079    pll_50MHz_inst/inst/clkin1_ibufds/I
    HPIOBDIFFINBUF_X0Y275
                         DIFFINBUF (Prop_DIFFINBUF_HPIOBDIFFINBUF_DIFF_IN_P_O)
                                                      0.503     0.582 r  pll_50MHz_inst/inst/clkin1_ibufds/DIFFINBUF_INST/O
                         net (fo=1, routed)           0.040     0.622    pll_50MHz_inst/inst/clkin1_ibufds/OUT
    G30                  IBUFCTRL (Prop_IBUFCTRL_HPIOB_M_I_O)
                                                      0.000     0.622 r  pll_50MHz_inst/inst/clkin1_ibufds/IBUFCTRL_INST/O
                         net (fo=1, routed)           0.339     0.961    pll_50MHz_inst/inst/clk_in1_clk_wiz_0
    PLL_X0Y23            PLLE4_ADV (Prop_PLL_CLKIN_CLKOUT0)
                                                      0.430     1.391 r  pll_50MHz_inst/inst/plle4_adv_inst/CLKOUT0
                         net (fo=1, routed)           0.233     1.624    pll_50MHz_inst/inst/clk_out1_clk_wiz_0
    BUFGCE_X0Y287        BUFGCE (Prop_BUFCE_BUFGCE_I_O)
                                                      0.024     1.648 r  pll_50MHz_inst/inst/clkout1_buf/O
    X5Y8 (CLOCK_ROOT)    net (fo=2802, routed)        2.219     3.867    u_cpu_core/u_cpu3/clk_out1
    SLICE_X131Y509       FDRE                                         r  u_cpu_core/u_cpu3/latched_rd_reg[2]/C
  -------------------------------------------------------------------    -------------------
    SLICE_X131Y509       FDRE (Prop_EFF2_SLICEL_C_Q)
                                                      0.060     3.927 r  u_cpu_core/u_cpu3/latched_rd_reg[2]/Q
                         net (fo=81, routed)          0.158     4.085    u_cpu_core/u_cpu3/cpuregs_reg_r1_0_31_0_13/ADDRH2
    SLICE_X133Y507       RAMD32                                       r  u_cpu_core/u_cpu3/cpuregs_reg_r1_0_31_0_13/RAMA/WADR2
  -------------------------------------------------------------------    -------------------

                         (clock clk_out1_clk_wiz_0 rise edge)
                                                      0.000     0.000 r  
    G30                                               0.000     0.000 r  USER_SI570_CLOCK_P (IN)
                         net (fo=0)                   0.100     0.100    pll_50MHz_inst/inst/clkin1_ibufds/I
    HPIOBDIFFINBUF_X0Y275
                         DIFFINBUF (Prop_DIFFINBUF_HPIOBDIFFINBUF_DIFF_IN_P_O)
                                                      0.613     0.713 r  pll_50MHz_inst/inst/clkin1_ibufds/DIFFINBUF_INST/O
                         net (fo=1, routed)           0.050     0.763    pll_50MHz_inst/inst/clkin1_ibufds/OUT
    G30                  IBUFCTRL (Prop_IBUFCTRL_HPIOB_M_I_O)
                                                      0.000     0.763 r  pll_50MHz_inst/inst/clkin1_ibufds/IBUFCTRL_INST/O
                         net (fo=1, routed)           0.390     1.153    pll_50MHz_inst/inst/clk_in1_clk_wiz_0
    PLL_X0Y23            PLLE4_ADV (Prop_PLL_CLKIN_CLKOUT0)
                                                      0.033     1.186 r  pll_50MHz_inst/inst/plle4_adv_inst/CLKOUT0
                         net (fo=1, routed)           0.272     1.458    pll_50MHz_inst/inst/clk_out1_clk_wiz_0
    BUFGCE_X0Y287        BUFGCE (Prop_BUFCE_BUFGCE_I_O)
                                                      0.028     1.486 r  pll_50MHz_inst/inst/clkout1_buf/O
    X5Y8 (CLOCK_ROOT)    net (fo=2802, routed)        2.533     4.018    u_cpu_core/u_cpu3/cpuregs_reg_r1_0_31_0_13/WCLK
    SLICE_X133Y507       RAMD32                                       r  u_cpu_core/u_cpu3/cpuregs_reg_r1_0_31_0_13/RAMA/CLK
                         clock pessimism             -0.026     3.992    
    SLICE_X133Y507       RAMD32 (Hold_A5LUT_SLICEM_CLK_WADR2)
                                                      0.090     4.082    u_cpu_core/u_cpu3/cpuregs_reg_r1_0_31_0_13/RAMA
  -------------------------------------------------------------------
                         required time                         -4.082    
                         arrival time                           4.085    
  -------------------------------------------------------------------
                         slack                                  0.003    

Slack (MET) :             0.003ns  (arrival time - required time)
  Source:                 u_cpu_core/u_cpu3/latched_rd_reg[2]/C
                            (rising edge-triggered cell FDRE clocked by clk_out1_clk_wiz_0  {rise@0.000ns fall@10.000ns period=20.000ns})
  Destination:            u_cpu_core/u_cpu3/cpuregs_reg_r1_0_31_0_13/RAMA_D1/WADR2
                            (rising edge-triggered cell RAMD32 clocked by clk_out1_clk_wiz_0  {rise@0.000ns fall@10.000ns period=20.000ns})
  Path Group:             clk_out1_clk_wiz_0
  Path Type:              Hold (Min at Slow Process Corner)
  Requirement:            0.000ns  (clk_out1_clk_wiz_0 rise@0.000ns - clk_out1_clk_wiz_0 rise@0.000ns)
  Data Path Delay:        0.218ns  (logic 0.060ns (27.508%)  route 0.158ns (72.492%))
  Logic Levels:           0  
  Clock Path Skew:        0.125ns (DCD - SCD - CPR)
    Destination Clock Delay (DCD):    4.018ns
    Source Clock Delay      (SCD):    3.867ns
    Clock Pessimism Removal (CPR):    0.026ns
  Clock Net Delay (Source):      2.219ns (routing 1.368ns, distribution 0.851ns)
  Clock Net Delay (Destination): 2.533ns (routing 1.510ns, distribution 1.023ns)

    Location             Delay type                Incr(ns)  Path(ns)    Netlist Resource(s)
  -------------------------------------------------------------------    -------------------
                         (clock clk_out1_clk_wiz_0 rise edge)
                                                      0.000     0.000 r  
    G30                                               0.000     0.000 r  USER_SI570_CLOCK_P (IN)
                         net (fo=0)                   0.079     0.079    pll_50MHz_inst/inst/clkin1_ibufds/I
    HPIOBDIFFINBUF_X0Y275
                         DIFFINBUF (Prop_DIFFINBUF_HPIOBDIFFINBUF_DIFF_IN_P_O)
                                                      0.503     0.582 r  pll_50MHz_inst/inst/clkin1_ibufds/DIFFINBUF_INST/O
                         net (fo=1, routed)           0.040     0.622    pll_50MHz_inst/inst/clkin1_ibufds/OUT
    G30                  IBUFCTRL (Prop_IBUFCTRL_HPIOB_M_I_O)
                                                      0.000     0.622 r  pll_50MHz_inst/inst/clkin1_ibufds/IBUFCTRL_INST/O
                         net (fo=1, routed)           0.339     0.961    pll_50MHz_inst/inst/clk_in1_clk_wiz_0
    PLL_X0Y23            PLLE4_ADV (Prop_PLL_CLKIN_CLKOUT0)
                                                      0.430     1.391 r  pll_50MHz_inst/inst/plle4_adv_inst/CLKOUT0
                         net (fo=1, routed)           0.233     1.624    pll_50MHz_inst/inst/clk_out1_clk_wiz_0
    BUFGCE_X0Y287        BUFGCE (Prop_BUFCE_BUFGCE_I_O)
                                                      0.024     1.648 r  pll_50MHz_inst/inst/clkout1_buf/O
    X5Y8 (CLOCK_ROOT)    net (fo=2802, routed)        2.219     3.867    u_cpu_core/u_cpu3/clk_out1
    SLICE_X131Y509       FDRE                                         r  u_cpu_core/u_cpu3/latched_rd_reg[2]/C
  -------------------------------------------------------------------    -------------------
    SLICE_X131Y509       FDRE (Prop_EFF2_SLICEL_C_Q)
                                                      0.060     3.927 r  u_cpu_core/u_cpu3/latched_rd_reg[2]/Q
                         net (fo=81, routed)          0.158     4.085    u_cpu_core/u_cpu3/cpuregs_reg_r1_0_31_0_13/ADDRH2
    SLICE_X133Y507       RAMD32                                       r  u_cpu_core/u_cpu3/cpuregs_reg_r1_0_31_0_13/RAMA_D1/WADR2
  -------------------------------------------------------------------    -------------------

                         (clock clk_out1_clk_wiz_0 rise edge)
                                                      0.000     0.000 r  
    G30                                               0.000     0.000 r  USER_SI570_CLOCK_P (IN)
                         net (fo=0)                   0.100     0.100    pll_50MHz_inst/inst/clkin1_ibufds/I
    HPIOBDIFFINBUF_X0Y275
                         DIFFINBUF (Prop_DIFFINBUF_HPIOBDIFFINBUF_DIFF_IN_P_O)
                                                      0.613     0.713 r  pll_50MHz_inst/inst/clkin1_ibufds/DIFFINBUF_INST/O
                         net (fo=1, routed)           0.050     0.763    pll_50MHz_inst/inst/clkin1_ibufds/OUT
    G30                  IBUFCTRL (Prop_IBUFCTRL_HPIOB_M_I_O)
                                                      0.000     0.763 r  pll_50MHz_inst/inst/clkin1_ibufds/IBUFCTRL_INST/O
                         net (fo=1, routed)           0.390     1.153    pll_50MHz_inst/inst/clk_in1_clk_wiz_0
    PLL_X0Y23            PLLE4_ADV (Prop_PLL_CLKIN_CLKOUT0)
                                                      0.033     1.186 r  pll_50MHz_inst/inst/plle4_adv_inst/CLKOUT0
                         net (fo=1, routed)           0.272     1.458    pll_50MHz_inst/inst/clk_out1_clk_wiz_0
    BUFGCE_X0Y287        BUFGCE (Prop_BUFCE_BUFGCE_I_O)
                                                      0.028     1.486 r  pll_50MHz_inst/inst/clkout1_buf/O
    X5Y8 (CLOCK_ROOT)    net (fo=2802, routed)        2.533     4.018    u_cpu_core/u_cpu3/cpuregs_reg_r1_0_31_0_13/WCLK
    SLICE_X133Y507       RAMD32                                       r  u_cpu_core/u_cpu3/cpuregs_reg_r1_0_31_0_13/RAMA_D1/CLK
                         clock pessimism             -0.026     3.992    
    SLICE_X133Y507       RAMD32 (Hold_A6LUT_SLICEM_CLK_WADR2)
                                                      0.090     4.082    u_cpu_core/u_cpu3/cpuregs_reg_r1_0_31_0_13/RAMA_D1
  -------------------------------------------------------------------
                         required time                         -4.082    
                         arrival time                           4.085    
  -------------------------------------------------------------------
                         slack                                  0.003    

Slack (MET) :             0.003ns  (arrival time - required time)
  Source:                 u_cpu_core/u_cpu3/latched_rd_reg[2]/C
                            (rising edge-triggered cell FDRE clocked by clk_out1_clk_wiz_0  {rise@0.000ns fall@10.000ns period=20.000ns})
  Destination:            u_cpu_core/u_cpu3/cpuregs_reg_r1_0_31_0_13/RAMB/WADR2
                            (rising edge-triggered cell RAMD32 clocked by clk_out1_clk_wiz_0  {rise@0.000ns fall@10.000ns period=20.000ns})
  Path Group:             clk_out1_clk_wiz_0
  Path Type:              Hold (Min at Slow Process Corner)
  Requirement:            0.000ns  (clk_out1_clk_wiz_0 rise@0.000ns - clk_out1_clk_wiz_0 rise@0.000ns)
  Data Path Delay:        0.218ns  (logic 0.060ns (27.508%)  route 0.158ns (72.492%))
  Logic Levels:           0  
  Clock Path Skew:        0.125ns (DCD - SCD - CPR)
    Destination Clock Delay (DCD):    4.018ns
    Source Clock Delay      (SCD):    3.867ns
    Clock Pessimism Removal (CPR):    0.026ns
  Clock Net Delay (Source):      2.219ns (routing 1.368ns, distribution 0.851ns)
  Clock Net Delay (Destination): 2.533ns (routing 1.510ns, distribution 1.023ns)

    Location             Delay type                Incr(ns)  Path(ns)    Netlist Resource(s)
  -------------------------------------------------------------------    -------------------
                         (clock clk_out1_clk_wiz_0 rise edge)
                                                      0.000     0.000 r  
    G30                                               0.000     0.000 r  USER_SI570_CLOCK_P (IN)
                         net (fo=0)                   0.079     0.079    pll_50MHz_inst/inst/clkin1_ibufds/I
    HPIOBDIFFINBUF_X0Y275
                         DIFFINBUF (Prop_DIFFINBUF_HPIOBDIFFINBUF_DIFF_IN_P_O)
                                                      0.503     0.582 r  pll_50MHz_inst/inst/clkin1_ibufds/DIFFINBUF_INST/O
                         net (fo=1, routed)           0.040     0.622    pll_50MHz_inst/inst/clkin1_ibufds/OUT
    G30                  IBUFCTRL (Prop_IBUFCTRL_HPIOB_M_I_O)
                                                      0.000     0.622 r  pll_50MHz_inst/inst/clkin1_ibufds/IBUFCTRL_INST/O
                         net (fo=1, routed)           0.339     0.961    pll_50MHz_inst/inst/clk_in1_clk_wiz_0
    PLL_X0Y23            PLLE4_ADV (Prop_PLL_CLKIN_CLKOUT0)
                                                      0.430     1.391 r  pll_50MHz_inst/inst/plle4_adv_inst/CLKOUT0
                         net (fo=1, routed)           0.233     1.624    pll_50MHz_inst/inst/clk_out1_clk_wiz_0
    BUFGCE_X0Y287        BUFGCE (Prop_BUFCE_BUFGCE_I_O)
                                                      0.024     1.648 r  pll_50MHz_inst/inst/clkout1_buf/O
    X5Y8 (CLOCK_ROOT)    net (fo=2802, routed)        2.219     3.867    u_cpu_core/u_cpu3/clk_out1
    SLICE_X131Y509       FDRE                                         r  u_cpu_core/u_cpu3/latched_rd_reg[2]/C
  -------------------------------------------------------------------    -------------------
    SLICE_X131Y509       FDRE (Prop_EFF2_SLICEL_C_Q)
                                                      0.060     3.927 r  u_cpu_core/u_cpu3/latched_rd_reg[2]/Q
                         net (fo=81, routed)          0.158     4.085    u_cpu_core/u_cpu3/cpuregs_reg_r1_0_31_0_13/ADDRH2
    SLICE_X133Y507       RAMD32                                       r  u_cpu_core/u_cpu3/cpuregs_reg_r1_0_31_0_13/RAMB/WADR2
  -------------------------------------------------------------------    -------------------

                         (clock clk_out1_clk_wiz_0 rise edge)
                                                      0.000     0.000 r  
    G30                                               0.000     0.000 r  USER_SI570_CLOCK_P (IN)
                         net (fo=0)                   0.100     0.100    pll_50MHz_inst/inst/clkin1_ibufds/I
    HPIOBDIFFINBUF_X0Y275
                         DIFFINBUF (Prop_DIFFINBUF_HPIOBDIFFINBUF_DIFF_IN_P_O)
                                                      0.613     0.713 r  pll_50MHz_inst/inst/clkin1_ibufds/DIFFINBUF_INST/O
                         net (fo=1, routed)           0.050     0.763    pll_50MHz_inst/inst/clkin1_ibufds/OUT
    G30                  IBUFCTRL (Prop_IBUFCTRL_HPIOB_M_I_O)
                                                      0.000     0.763 r  pll_50MHz_inst/inst/clkin1_ibufds/IBUFCTRL_INST/O
                         net (fo=1, routed)           0.390     1.153    pll_50MHz_inst/inst/clk_in1_clk_wiz_0
    PLL_X0Y23            PLLE4_ADV (Prop_PLL_CLKIN_CLKOUT0)
                                                      0.033     1.186 r  pll_50MHz_inst/inst/plle4_adv_inst/CLKOUT0
                         net (fo=1, routed)           0.272     1.458    pll_50MHz_inst/inst/clk_out1_clk_wiz_0
    BUFGCE_X0Y287        BUFGCE (Prop_BUFCE_BUFGCE_I_O)
                                                      0.028     1.486 r  pll_50MHz_inst/inst/clkout1_buf/O
    X5Y8 (CLOCK_ROOT)    net (fo=2802, routed)        2.533     4.018    u_cpu_core/u_cpu3/cpuregs_reg_r1_0_31_0_13/WCLK
    SLICE_X133Y507       RAMD32                                       r  u_cpu_core/u_cpu3/cpuregs_reg_r1_0_31_0_13/RAMB/CLK
                         clock pessimism             -0.026     3.992    
    SLICE_X133Y507       RAMD32 (Hold_B5LUT_SLICEM_CLK_WADR2)
                                                      0.090     4.082    u_cpu_core/u_cpu3/cpuregs_reg_r1_0_31_0_13/RAMB
  -------------------------------------------------------------------
                         required time                         -4.082    
                         arrival time                           4.085    
  -------------------------------------------------------------------
                         slack                                  0.003    

Slack (MET) :             0.003ns  (arrival time - required time)
  Source:                 u_cpu_core/u_cpu3/latched_rd_reg[2]/C
                            (rising edge-triggered cell FDRE clocked by clk_out1_clk_wiz_0  {rise@0.000ns fall@10.000ns period=20.000ns})
  Destination:            u_cpu_core/u_cpu3/cpuregs_reg_r1_0_31_0_13/RAMB_D1/WADR2
                            (rising edge-triggered cell RAMD32 clocked by clk_out1_clk_wiz_0  {rise@0.000ns fall@10.000ns period=20.000ns})
  Path Group:             clk_out1_clk_wiz_0
  Path Type:              Hold (Min at Slow Process Corner)
  Requirement:            0.000ns  (clk_out1_clk_wiz_0 rise@0.000ns - clk_out1_clk_wiz_0 rise@0.000ns)
  Data Path Delay:        0.218ns  (logic 0.060ns (27.508%)  route 0.158ns (72.492%))
  Logic Levels:           0  
  Clock Path Skew:        0.125ns (DCD - SCD - CPR)
    Destination Clock Delay (DCD):    4.018ns
    Source Clock Delay      (SCD):    3.867ns
    Clock Pessimism Removal (CPR):    0.026ns
  Clock Net Delay (Source):      2.219ns (routing 1.368ns, distribution 0.851ns)
  Clock Net Delay (Destination): 2.533ns (routing 1.510ns, distribution 1.023ns)

    Location             Delay type                Incr(ns)  Path(ns)    Netlist Resource(s)
  -------------------------------------------------------------------    -------------------
                         (clock clk_out1_clk_wiz_0 rise edge)
                                                      0.000     0.000 r  
    G30                                               0.000     0.000 r  USER_SI570_CLOCK_P (IN)
                         net (fo=0)                   0.079     0.079    pll_50MHz_inst/inst/clkin1_ibufds/I
    HPIOBDIFFINBUF_X0Y275
                         DIFFINBUF (Prop_DIFFINBUF_HPIOBDIFFINBUF_DIFF_IN_P_O)
                                                      0.503     0.582 r  pll_50MHz_inst/inst/clkin1_ibufds/DIFFINBUF_INST/O
                         net (fo=1, routed)           0.040     0.622    pll_50MHz_inst/inst/clkin1_ibufds/OUT
    G30                  IBUFCTRL (Prop_IBUFCTRL_HPIOB_M_I_O)
                                                      0.000     0.622 r  pll_50MHz_inst/inst/clkin1_ibufds/IBUFCTRL_INST/O
                         net (fo=1, routed)           0.339     0.961    pll_50MHz_inst/inst/clk_in1_clk_wiz_0
    PLL_X0Y23            PLLE4_ADV (Prop_PLL_CLKIN_CLKOUT0)
                                                      0.430     1.391 r  pll_50MHz_inst/inst/plle4_adv_inst/CLKOUT0
                         net (fo=1, routed)           0.233     1.624    pll_50MHz_inst/inst/clk_out1_clk_wiz_0
    BUFGCE_X0Y287        BUFGCE (Prop_BUFCE_BUFGCE_I_O)
                                                      0.024     1.648 r  pll_50MHz_inst/inst/clkout1_buf/O
    X5Y8 (CLOCK_ROOT)    net (fo=2802, routed)        2.219     3.867    u_cpu_core/u_cpu3/clk_out1
    SLICE_X131Y509       FDRE                                         r  u_cpu_core/u_cpu3/latched_rd_reg[2]/C
  -------------------------------------------------------------------    -------------------
    SLICE_X131Y509       FDRE (Prop_EFF2_SLICEL_C_Q)
                                                      0.060     3.927 r  u_cpu_core/u_cpu3/latched_rd_reg[2]/Q
                         net (fo=81, routed)          0.158     4.085    u_cpu_core/u_cpu3/cpuregs_reg_r1_0_31_0_13/ADDRH2
    SLICE_X133Y507       RAMD32                                       r  u_cpu_core/u_cpu3/cpuregs_reg_r1_0_31_0_13/RAMB_D1/WADR2
  -------------------------------------------------------------------    -------------------

                         (clock clk_out1_clk_wiz_0 rise edge)
                                                      0.000     0.000 r  
    G30                                               0.000     0.000 r  USER_SI570_CLOCK_P (IN)
                         net (fo=0)                   0.100     0.100    pll_50MHz_inst/inst/clkin1_ibufds/I
    HPIOBDIFFINBUF_X0Y275
                         DIFFINBUF (Prop_DIFFINBUF_HPIOBDIFFINBUF_DIFF_IN_P_O)
                                                      0.613     0.713 r  pll_50MHz_inst/inst/clkin1_ibufds/DIFFINBUF_INST/O
                         net (fo=1, routed)           0.050     0.763    pll_50MHz_inst/inst/clkin1_ibufds/OUT
    G30                  IBUFCTRL (Prop_IBUFCTRL_HPIOB_M_I_O)
                                                      0.000     0.763 r  pll_50MHz_inst/inst/clkin1_ibufds/IBUFCTRL_INST/O
                         net (fo=1, routed)           0.390     1.153    pll_50MHz_inst/inst/clk_in1_clk_wiz_0
    PLL_X0Y23            PLLE4_ADV (Prop_PLL_CLKIN_CLKOUT0)
                                                      0.033     1.186 r  pll_50MHz_inst/inst/plle4_adv_inst/CLKOUT0
                         net (fo=1, routed)           0.272     1.458    pll_50MHz_inst/inst/clk_out1_clk_wiz_0
    BUFGCE_X0Y287        BUFGCE (Prop_BUFCE_BUFGCE_I_O)
                                                      0.028     1.486 r  pll_50MHz_inst/inst/clkout1_buf/O
    X5Y8 (CLOCK_ROOT)    net (fo=2802, routed)        2.533     4.018    u_cpu_core/u_cpu3/cpuregs_reg_r1_0_31_0_13/WCLK
    SLICE_X133Y507       RAMD32                                       r  u_cpu_core/u_cpu3/cpuregs_reg_r1_0_31_0_13/RAMB_D1/CLK
                         clock pessimism             -0.026     3.992    
    SLICE_X133Y507       RAMD32 (Hold_B6LUT_SLICEM_CLK_WADR2)
                                                      0.090     4.082    u_cpu_core/u_cpu3/cpuregs_reg_r1_0_31_0_13/RAMB_D1
  -------------------------------------------------------------------
                         required time                         -4.082    
                         arrival time                           4.085    
  -------------------------------------------------------------------
                         slack                                  0.003    

Slack (MET) :             0.003ns  (arrival time - required time)
  Source:                 u_cpu_core/u_cpu3/latched_rd_reg[2]/C
                            (rising edge-triggered cell FDRE clocked by clk_out1_clk_wiz_0  {rise@0.000ns fall@10.000ns period=20.000ns})
  Destination:            u_cpu_core/u_cpu3/cpuregs_reg_r1_0_31_0_13/RAMC/WADR2
                            (rising edge-triggered cell RAMD32 clocked by clk_out1_clk_wiz_0  {rise@0.000ns fall@10.000ns period=20.000ns})
  Path Group:             clk_out1_clk_wiz_0
  Path Type:              Hold (Min at Slow Process Corner)
  Requirement:            0.000ns  (clk_out1_clk_wiz_0 rise@0.000ns - clk_out1_clk_wiz_0 rise@0.000ns)
  Data Path Delay:        0.218ns  (logic 0.060ns (27.508%)  route 0.158ns (72.492%))
  Logic Levels:           0  
  Clock Path Skew:        0.125ns (DCD - SCD - CPR)
    Destination Clock Delay (DCD):    4.018ns
    Source Clock Delay      (SCD):    3.867ns
    Clock Pessimism Removal (CPR):    0.026ns
  Clock Net Delay (Source):      2.219ns (routing 1.368ns, distribution 0.851ns)
  Clock Net Delay (Destination): 2.533ns (routing 1.510ns, distribution 1.023ns)

    Location             Delay type                Incr(ns)  Path(ns)    Netlist Resource(s)
  -------------------------------------------------------------------    -------------------
                         (clock clk_out1_clk_wiz_0 rise edge)
                                                      0.000     0.000 r  
    G30                                               0.000     0.000 r  USER_SI570_CLOCK_P (IN)
                         net (fo=0)                   0.079     0.079    pll_50MHz_inst/inst/clkin1_ibufds/I
    HPIOBDIFFINBUF_X0Y275
                         DIFFINBUF (Prop_DIFFINBUF_HPIOBDIFFINBUF_DIFF_IN_P_O)
                                                      0.503     0.582 r  pll_50MHz_inst/inst/clkin1_ibufds/DIFFINBUF_INST/O
                         net (fo=1, routed)           0.040     0.622    pll_50MHz_inst/inst/clkin1_ibufds/OUT
    G30                  IBUFCTRL (Prop_IBUFCTRL_HPIOB_M_I_O)
                                                      0.000     0.622 r  pll_50MHz_inst/inst/clkin1_ibufds/IBUFCTRL_INST/O
                         net (fo=1, routed)           0.339     0.961    pll_50MHz_inst/inst/clk_in1_clk_wiz_0
    PLL_X0Y23            PLLE4_ADV (Prop_PLL_CLKIN_CLKOUT0)
                                                      0.430     1.391 r  pll_50MHz_inst/inst/plle4_adv_inst/CLKOUT0
                         net (fo=1, routed)           0.233     1.624    pll_50MHz_inst/inst/clk_out1_clk_wiz_0
    BUFGCE_X0Y287        BUFGCE (Prop_BUFCE_BUFGCE_I_O)
                                                      0.024     1.648 r  pll_50MHz_inst/inst/clkout1_buf/O
    X5Y8 (CLOCK_ROOT)    net (fo=2802, routed)        2.219     3.867    u_cpu_core/u_cpu3/clk_out1
    SLICE_X131Y509       FDRE                                         r  u_cpu_core/u_cpu3/latched_rd_reg[2]/C
  -------------------------------------------------------------------    -------------------
    SLICE_X131Y509       FDRE (Prop_EFF2_SLICEL_C_Q)
                                                      0.060     3.927 r  u_cpu_core/u_cpu3/latched_rd_reg[2]/Q
                         net (fo=81, routed)          0.158     4.085    u_cpu_core/u_cpu3/cpuregs_reg_r1_0_31_0_13/ADDRH2
    SLICE_X133Y507       RAMD32                                       r  u_cpu_core/u_cpu3/cpuregs_reg_r1_0_31_0_13/RAMC/WADR2
  -------------------------------------------------------------------    -------------------

                         (clock clk_out1_clk_wiz_0 rise edge)
                                                      0.000     0.000 r  
    G30                                               0.000     0.000 r  USER_SI570_CLOCK_P (IN)
                         net (fo=0)                   0.100     0.100    pll_50MHz_inst/inst/clkin1_ibufds/I
    HPIOBDIFFINBUF_X0Y275
                         DIFFINBUF (Prop_DIFFINBUF_HPIOBDIFFINBUF_DIFF_IN_P_O)
                                                      0.613     0.713 r  pll_50MHz_inst/inst/clkin1_ibufds/DIFFINBUF_INST/O
                         net (fo=1, routed)           0.050     0.763    pll_50MHz_inst/inst/clkin1_ibufds/OUT
    G30                  IBUFCTRL (Prop_IBUFCTRL_HPIOB_M_I_O)
                                                      0.000     0.763 r  pll_50MHz_inst/inst/clkin1_ibufds/IBUFCTRL_INST/O
                         net (fo=1, routed)           0.390     1.153    pll_50MHz_inst/inst/clk_in1_clk_wiz_0
    PLL_X0Y23            PLLE4_ADV (Prop_PLL_CLKIN_CLKOUT0)
                                                      0.033     1.186 r  pll_50MHz_inst/inst/plle4_adv_inst/CLKOUT0
                         net (fo=1, routed)           0.272     1.458    pll_50MHz_inst/inst/clk_out1_clk_wiz_0
    BUFGCE_X0Y287        BUFGCE (Prop_BUFCE_BUFGCE_I_O)
                                                      0.028     1.486 r  pll_50MHz_inst/inst/clkout1_buf/O
    X5Y8 (CLOCK_ROOT)    net (fo=2802, routed)        2.533     4.018    u_cpu_core/u_cpu3/cpuregs_reg_r1_0_31_0_13/WCLK
    SLICE_X133Y507       RAMD32                                       r  u_cpu_core/u_cpu3/cpuregs_reg_r1_0_31_0_13/RAMC/CLK
                         clock pessimism             -0.026     3.992    
    SLICE_X133Y507       RAMD32 (Hold_C5LUT_SLICEM_CLK_WADR2)
                                                      0.090     4.082    u_cpu_core/u_cpu3/cpuregs_reg_r1_0_31_0_13/RAMC
  -------------------------------------------------------------------
                         required time                         -4.082    
                         arrival time                           4.085    
  -------------------------------------------------------------------
                         slack                                  0.003    

Slack (MET) :             0.003ns  (arrival time - required time)
  Source:                 u_cpu_core/u_cpu3/latched_rd_reg[2]/C
                            (rising edge-triggered cell FDRE clocked by clk_out1_clk_wiz_0  {rise@0.000ns fall@10.000ns period=20.000ns})
  Destination:            u_cpu_core/u_cpu3/cpuregs_reg_r1_0_31_0_13/RAMC_D1/WADR2
                            (rising edge-triggered cell RAMD32 clocked by clk_out1_clk_wiz_0  {rise@0.000ns fall@10.000ns period=20.000ns})
  Path Group:             clk_out1_clk_wiz_0
  Path Type:              Hold (Min at Slow Process Corner)
  Requirement:            0.000ns  (clk_out1_clk_wiz_0 rise@0.000ns - clk_out1_clk_wiz_0 rise@0.000ns)
  Data Path Delay:        0.218ns  (logic 0.060ns (27.508%)  route 0.158ns (72.492%))
  Logic Levels:           0  
  Clock Path Skew:        0.125ns (DCD - SCD - CPR)
    Destination Clock Delay (DCD):    4.018ns
    Source Clock Delay      (SCD):    3.867ns
    Clock Pessimism Removal (CPR):    0.026ns
  Clock Net Delay (Source):      2.219ns (routing 1.368ns, distribution 0.851ns)
  Clock Net Delay (Destination): 2.533ns (routing 1.510ns, distribution 1.023ns)

    Location             Delay type                Incr(ns)  Path(ns)    Netlist Resource(s)
  -------------------------------------------------------------------    -------------------
                         (clock clk_out1_clk_wiz_0 rise edge)
                                                      0.000     0.000 r  
    G30                                               0.000     0.000 r  USER_SI570_CLOCK_P (IN)
                         net (fo=0)                   0.079     0.079    pll_50MHz_inst/inst/clkin1_ibufds/I
    HPIOBDIFFINBUF_X0Y275
                         DIFFINBUF (Prop_DIFFINBUF_HPIOBDIFFINBUF_DIFF_IN_P_O)
                                                      0.503     0.582 r  pll_50MHz_inst/inst/clkin1_ibufds/DIFFINBUF_INST/O
                         net (fo=1, routed)           0.040     0.622    pll_50MHz_inst/inst/clkin1_ibufds/OUT
    G30                  IBUFCTRL (Prop_IBUFCTRL_HPIOB_M_I_O)
                                                      0.000     0.622 r  pll_50MHz_inst/inst/clkin1_ibufds/IBUFCTRL_INST/O
                         net (fo=1, routed)           0.339     0.961    pll_50MHz_inst/inst/clk_in1_clk_wiz_0
    PLL_X0Y23            PLLE4_ADV (Prop_PLL_CLKIN_CLKOUT0)
                                                      0.430     1.391 r  pll_50MHz_inst/inst/plle4_adv_inst/CLKOUT0
                         net (fo=1, routed)           0.233     1.624    pll_50MHz_inst/inst/clk_out1_clk_wiz_0
    BUFGCE_X0Y287        BUFGCE (Prop_BUFCE_BUFGCE_I_O)
                                                      0.024     1.648 r  pll_50MHz_inst/inst/clkout1_buf/O
    X5Y8 (CLOCK_ROOT)    net (fo=2802, routed)        2.219     3.867    u_cpu_core/u_cpu3/clk_out1
    SLICE_X131Y509       FDRE                                         r  u_cpu_core/u_cpu3/latched_rd_reg[2]/C
  -------------------------------------------------------------------    -------------------
    SLICE_X131Y509       FDRE (Prop_EFF2_SLICEL_C_Q)
                                                      0.060     3.927 r  u_cpu_core/u_cpu3/latched_rd_reg[2]/Q
                         net (fo=81, routed)          0.158     4.085    u_cpu_core/u_cpu3/cpuregs_reg_r1_0_31_0_13/ADDRH2
    SLICE_X133Y507       RAMD32                                       r  u_cpu_core/u_cpu3/cpuregs_reg_r1_0_31_0_13/RAMC_D1/WADR2
  -------------------------------------------------------------------    -------------------

                         (clock clk_out1_clk_wiz_0 rise edge)
                                                      0.000     0.000 r  
    G30                                               0.000     0.000 r  USER_SI570_CLOCK_P (IN)
                         net (fo=0)                   0.100     0.100    pll_50MHz_inst/inst/clkin1_ibufds/I
    HPIOBDIFFINBUF_X0Y275
                         DIFFINBUF (Prop_DIFFINBUF_HPIOBDIFFINBUF_DIFF_IN_P_O)
                                                      0.613     0.713 r  pll_50MHz_inst/inst/clkin1_ibufds/DIFFINBUF_INST/O
                         net (fo=1, routed)           0.050     0.763    pll_50MHz_inst/inst/clkin1_ibufds/OUT
    G30                  IBUFCTRL (Prop_IBUFCTRL_HPIOB_M_I_O)
                                                      0.000     0.763 r  pll_50MHz_inst/inst/clkin1_ibufds/IBUFCTRL_INST/O
                         net (fo=1, routed)           0.390     1.153    pll_50MHz_inst/inst/clk_in1_clk_wiz_0
    PLL_X0Y23            PLLE4_ADV (Prop_PLL_CLKIN_CLKOUT0)
                                                      0.033     1.186 r  pll_50MHz_inst/inst/plle4_adv_inst/CLKOUT0
                         net (fo=1, routed)           0.272     1.458    pll_50MHz_inst/inst/clk_out1_clk_wiz_0
    BUFGCE_X0Y287        BUFGCE (Prop_BUFCE_BUFGCE_I_O)
                                                      0.028     1.486 r  pll_50MHz_inst/inst/clkout1_buf/O
    X5Y8 (CLOCK_ROOT)    net (fo=2802, routed)        2.533     4.018    u_cpu_core/u_cpu3/cpuregs_reg_r1_0_31_0_13/WCLK
    SLICE_X133Y507       RAMD32                                       r  u_cpu_core/u_cpu3/cpuregs_reg_r1_0_31_0_13/RAMC_D1/CLK
                         clock pessimism             -0.026     3.992    
    SLICE_X133Y507       RAMD32 (Hold_C6LUT_SLICEM_CLK_WADR2)
                                                      0.090     4.082    u_cpu_core/u_cpu3/cpuregs_reg_r1_0_31_0_13/RAMC_D1
  -------------------------------------------------------------------
                         required time                         -4.082    
                         arrival time                           4.085    
  -------------------------------------------------------------------
                         slack                                  0.003    

Slack (MET) :             0.003ns  (arrival time - required time)
  Source:                 u_cpu_core/u_cpu3/latched_rd_reg[2]/C
                            (rising edge-triggered cell FDRE clocked by clk_out1_clk_wiz_0  {rise@0.000ns fall@10.000ns period=20.000ns})
  Destination:            u_cpu_core/u_cpu3/cpuregs_reg_r1_0_31_0_13/RAMD/WADR2
                            (rising edge-triggered cell RAMD32 clocked by clk_out1_clk_wiz_0  {rise@0.000ns fall@10.000ns period=20.000ns})
  Path Group:             clk_out1_clk_wiz_0
  Path Type:              Hold (Min at Slow Process Corner)
  Requirement:            0.000ns  (clk_out1_clk_wiz_0 rise@0.000ns - clk_out1_clk_wiz_0 rise@0.000ns)
  Data Path Delay:        0.218ns  (logic 0.060ns (27.508%)  route 0.158ns (72.492%))
  Logic Levels:           0  
  Clock Path Skew:        0.125ns (DCD - SCD - CPR)
    Destination Clock Delay (DCD):    4.018ns
    Source Clock Delay      (SCD):    3.867ns
    Clock Pessimism Removal (CPR):    0.026ns
  Clock Net Delay (Source):      2.219ns (routing 1.368ns, distribution 0.851ns)
  Clock Net Delay (Destination): 2.533ns (routing 1.510ns, distribution 1.023ns)

    Location             Delay type                Incr(ns)  Path(ns)    Netlist Resource(s)
  -------------------------------------------------------------------    -------------------
                         (clock clk_out1_clk_wiz_0 rise edge)
                                                      0.000     0.000 r  
    G30                                               0.000     0.000 r  USER_SI570_CLOCK_P (IN)
                         net (fo=0)                   0.079     0.079    pll_50MHz_inst/inst/clkin1_ibufds/I
    HPIOBDIFFINBUF_X0Y275
                         DIFFINBUF (Prop_DIFFINBUF_HPIOBDIFFINBUF_DIFF_IN_P_O)
                                                      0.503     0.582 r  pll_50MHz_inst/inst/clkin1_ibufds/DIFFINBUF_INST/O
                         net (fo=1, routed)           0.040     0.622    pll_50MHz_inst/inst/clkin1_ibufds/OUT
    G30                  IBUFCTRL (Prop_IBUFCTRL_HPIOB_M_I_O)
                                                      0.000     0.622 r  pll_50MHz_inst/inst/clkin1_ibufds/IBUFCTRL_INST/O
                         net (fo=1, routed)           0.339     0.961    pll_50MHz_inst/inst/clk_in1_clk_wiz_0
    PLL_X0Y23            PLLE4_ADV (Prop_PLL_CLKIN_CLKOUT0)
                                                      0.430     1.391 r  pll_50MHz_inst/inst/plle4_adv_inst/CLKOUT0
                         net (fo=1, routed)           0.233     1.624    pll_50MHz_inst/inst/clk_out1_clk_wiz_0
    BUFGCE_X0Y287        BUFGCE (Prop_BUFCE_BUFGCE_I_O)
                                                      0.024     1.648 r  pll_50MHz_inst/inst/clkout1_buf/O
    X5Y8 (CLOCK_ROOT)    net (fo=2802, routed)        2.219     3.867    u_cpu_core/u_cpu3/clk_out1
    SLICE_X131Y509       FDRE                                         r  u_cpu_core/u_cpu3/latched_rd_reg[2]/C
  -------------------------------------------------------------------    -------------------
    SLICE_X131Y509       FDRE (Prop_EFF2_SLICEL_C_Q)
                                                      0.060     3.927 r  u_cpu_core/u_cpu3/latched_rd_reg[2]/Q
                         net (fo=81, routed)          0.158     4.085    u_cpu_core/u_cpu3/cpuregs_reg_r1_0_31_0_13/ADDRH2
    SLICE_X133Y507       RAMD32                                       r  u_cpu_core/u_cpu3/cpuregs_reg_r1_0_31_0_13/RAMD/WADR2
  -------------------------------------------------------------------    -------------------

                         (clock clk_out1_clk_wiz_0 rise edge)
                                                      0.000     0.000 r  
    G30                                               0.000     0.000 r  USER_SI570_CLOCK_P (IN)
                         net (fo=0)                   0.100     0.100    pll_50MHz_inst/inst/clkin1_ibufds/I
    HPIOBDIFFINBUF_X0Y275
                         DIFFINBUF (Prop_DIFFINBUF_HPIOBDIFFINBUF_DIFF_IN_P_O)
                                                      0.613     0.713 r  pll_50MHz_inst/inst/clkin1_ibufds/DIFFINBUF_INST/O
                         net (fo=1, routed)           0.050     0.763    pll_50MHz_inst/inst/clkin1_ibufds/OUT
    G30                  IBUFCTRL (Prop_IBUFCTRL_HPIOB_M_I_O)
                                                      0.000     0.763 r  pll_50MHz_inst/inst/clkin1_ibufds/IBUFCTRL_INST/O
                         net (fo=1, routed)           0.390     1.153    pll_50MHz_inst/inst/clk_in1_clk_wiz_0
    PLL_X0Y23            PLLE4_ADV (Prop_PLL_CLKIN_CLKOUT0)
                                                      0.033     1.186 r  pll_50MHz_inst/inst/plle4_adv_inst/CLKOUT0
                         net (fo=1, routed)           0.272     1.458    pll_50MHz_inst/inst/clk_out1_clk_wiz_0
    BUFGCE_X0Y287        BUFGCE (Prop_BUFCE_BUFGCE_I_O)
                                                      0.028     1.486 r  pll_50MHz_inst/inst/clkout1_buf/O
    X5Y8 (CLOCK_ROOT)    net (fo=2802, routed)        2.533     4.018    u_cpu_core/u_cpu3/cpuregs_reg_r1_0_31_0_13/WCLK
    SLICE_X133Y507       RAMD32                                       r  u_cpu_core/u_cpu3/cpuregs_reg_r1_0_31_0_13/RAMD/CLK
                         clock pessimism             -0.026     3.992    
    SLICE_X133Y507       RAMD32 (Hold_D5LUT_SLICEM_CLK_WADR2)
                                                      0.090     4.082    u_cpu_core/u_cpu3/cpuregs_reg_r1_0_31_0_13/RAMD
  -------------------------------------------------------------------
                         required time                         -4.082    
                         arrival time                           4.085    
  -------------------------------------------------------------------
                         slack                                  0.003    

Slack (MET) :             0.003ns  (arrival time - required time)
  Source:                 u_cpu_core/u_cpu3/latched_rd_reg[2]/C
                            (rising edge-triggered cell FDRE clocked by clk_out1_clk_wiz_0  {rise@0.000ns fall@10.000ns period=20.000ns})
  Destination:            u_cpu_core/u_cpu3/cpuregs_reg_r1_0_31_0_13/RAMD_D1/WADR2
                            (rising edge-triggered cell RAMD32 clocked by clk_out1_clk_wiz_0  {rise@0.000ns fall@10.000ns period=20.000ns})
  Path Group:             clk_out1_clk_wiz_0
  Path Type:              Hold (Min at Slow Process Corner)
  Requirement:            0.000ns  (clk_out1_clk_wiz_0 rise@0.000ns - clk_out1_clk_wiz_0 rise@0.000ns)
  Data Path Delay:        0.218ns  (logic 0.060ns (27.508%)  route 0.158ns (72.492%))
  Logic Levels:           0  
  Clock Path Skew:        0.125ns (DCD - SCD - CPR)
    Destination Clock Delay (DCD):    4.018ns
    Source Clock Delay      (SCD):    3.867ns
    Clock Pessimism Removal (CPR):    0.026ns
  Clock Net Delay (Source):      2.219ns (routing 1.368ns, distribution 0.851ns)
  Clock Net Delay (Destination): 2.533ns (routing 1.510ns, distribution 1.023ns)

    Location             Delay type                Incr(ns)  Path(ns)    Netlist Resource(s)
  -------------------------------------------------------------------    -------------------
                         (clock clk_out1_clk_wiz_0 rise edge)
                                                      0.000     0.000 r  
    G30                                               0.000     0.000 r  USER_SI570_CLOCK_P (IN)
                         net (fo=0)                   0.079     0.079    pll_50MHz_inst/inst/clkin1_ibufds/I
    HPIOBDIFFINBUF_X0Y275
                         DIFFINBUF (Prop_DIFFINBUF_HPIOBDIFFINBUF_DIFF_IN_P_O)
                                                      0.503     0.582 r  pll_50MHz_inst/inst/clkin1_ibufds/DIFFINBUF_INST/O
                         net (fo=1, routed)           0.040     0.622    pll_50MHz_inst/inst/clkin1_ibufds/OUT
    G30                  IBUFCTRL (Prop_IBUFCTRL_HPIOB_M_I_O)
                                                      0.000     0.622 r  pll_50MHz_inst/inst/clkin1_ibufds/IBUFCTRL_INST/O
                         net (fo=1, routed)           0.339     0.961    pll_50MHz_inst/inst/clk_in1_clk_wiz_0
    PLL_X0Y23            PLLE4_ADV (Prop_PLL_CLKIN_CLKOUT0)
                                                      0.430     1.391 r  pll_50MHz_inst/inst/plle4_adv_inst/CLKOUT0
                         net (fo=1, routed)           0.233     1.624    pll_50MHz_inst/inst/clk_out1_clk_wiz_0
    BUFGCE_X0Y287        BUFGCE (Prop_BUFCE_BUFGCE_I_O)
                                                      0.024     1.648 r  pll_50MHz_inst/inst/clkout1_buf/O
    X5Y8 (CLOCK_ROOT)    net (fo=2802, routed)        2.219     3.867    u_cpu_core/u_cpu3/clk_out1
    SLICE_X131Y509       FDRE                                         r  u_cpu_core/u_cpu3/latched_rd_reg[2]/C
  -------------------------------------------------------------------    -------------------
    SLICE_X131Y509       FDRE (Prop_EFF2_SLICEL_C_Q)
                                                      0.060     3.927 r  u_cpu_core/u_cpu3/latched_rd_reg[2]/Q
                         net (fo=81, routed)          0.158     4.085    u_cpu_core/u_cpu3/cpuregs_reg_r1_0_31_0_13/ADDRH2
    SLICE_X133Y507       RAMD32                                       r  u_cpu_core/u_cpu3/cpuregs_reg_r1_0_31_0_13/RAMD_D1/WADR2
  -------------------------------------------------------------------    -------------------

                         (clock clk_out1_clk_wiz_0 rise edge)
                                                      0.000     0.000 r  
    G30                                               0.000     0.000 r  USER_SI570_CLOCK_P (IN)
                         net (fo=0)                   0.100     0.100    pll_50MHz_inst/inst/clkin1_ibufds/I
    HPIOBDIFFINBUF_X0Y275
                         DIFFINBUF (Prop_DIFFINBUF_HPIOBDIFFINBUF_DIFF_IN_P_O)
                                                      0.613     0.713 r  pll_50MHz_inst/inst/clkin1_ibufds/DIFFINBUF_INST/O
                         net (fo=1, routed)           0.050     0.763    pll_50MHz_inst/inst/clkin1_ibufds/OUT
    G30                  IBUFCTRL (Prop_IBUFCTRL_HPIOB_M_I_O)
                                                      0.000     0.763 r  pll_50MHz_inst/inst/clkin1_ibufds/IBUFCTRL_INST/O
                         net (fo=1, routed)           0.390     1.153    pll_50MHz_inst/inst/clk_in1_clk_wiz_0
    PLL_X0Y23            PLLE4_ADV (Prop_PLL_CLKIN_CLKOUT0)
                                                      0.033     1.186 r  pll_50MHz_inst/inst/plle4_adv_inst/CLKOUT0
                         net (fo=1, routed)           0.272     1.458    pll_50MHz_inst/inst/clk_out1_clk_wiz_0
    BUFGCE_X0Y287        BUFGCE (Prop_BUFCE_BUFGCE_I_O)
                                                      0.028     1.486 r  pll_50MHz_inst/inst/clkout1_buf/O
    X5Y8 (CLOCK_ROOT)    net (fo=2802, routed)        2.533     4.018    u_cpu_core/u_cpu3/cpuregs_reg_r1_0_31_0_13/WCLK
    SLICE_X133Y507       RAMD32                                       r  u_cpu_core/u_cpu3/cpuregs_reg_r1_0_31_0_13/RAMD_D1/CLK
                         clock pessimism             -0.026     3.992    
    SLICE_X133Y507       RAMD32 (Hold_D6LUT_SLICEM_CLK_WADR2)
                                                      0.090     4.082    u_cpu_core/u_cpu3/cpuregs_reg_r1_0_31_0_13/RAMD_D1
  -------------------------------------------------------------------
                         required time                         -4.082    
                         arrival time                           4.085    
  -------------------------------------------------------------------
                         slack                                  0.003    

Slack (MET) :             0.003ns  (arrival time - required time)
  Source:                 u_cpu_core/u_cpu3/latched_rd_reg[2]/C
                            (rising edge-triggered cell FDRE clocked by clk_out1_clk_wiz_0  {rise@0.000ns fall@10.000ns period=20.000ns})
  Destination:            u_cpu_core/u_cpu3/cpuregs_reg_r1_0_31_0_13/RAME/WADR2
                            (rising edge-triggered cell RAMD32 clocked by clk_out1_clk_wiz_0  {rise@0.000ns fall@10.000ns period=20.000ns})
  Path Group:             clk_out1_clk_wiz_0
  Path Type:              Hold (Min at Slow Process Corner)
  Requirement:            0.000ns  (clk_out1_clk_wiz_0 rise@0.000ns - clk_out1_clk_wiz_0 rise@0.000ns)
  Data Path Delay:        0.218ns  (logic 0.060ns (27.508%)  route 0.158ns (72.492%))
  Logic Levels:           0  
  Clock Path Skew:        0.125ns (DCD - SCD - CPR)
    Destination Clock Delay (DCD):    4.018ns
    Source Clock Delay      (SCD):    3.867ns
    Clock Pessimism Removal (CPR):    0.026ns
  Clock Net Delay (Source):      2.219ns (routing 1.368ns, distribution 0.851ns)
  Clock Net Delay (Destination): 2.533ns (routing 1.510ns, distribution 1.023ns)

    Location             Delay type                Incr(ns)  Path(ns)    Netlist Resource(s)
  -------------------------------------------------------------------    -------------------
                         (clock clk_out1_clk_wiz_0 rise edge)
                                                      0.000     0.000 r  
    G30                                               0.000     0.000 r  USER_SI570_CLOCK_P (IN)
                         net (fo=0)                   0.079     0.079    pll_50MHz_inst/inst/clkin1_ibufds/I
    HPIOBDIFFINBUF_X0Y275
                         DIFFINBUF (Prop_DIFFINBUF_HPIOBDIFFINBUF_DIFF_IN_P_O)
                                                      0.503     0.582 r  pll_50MHz_inst/inst/clkin1_ibufds/DIFFINBUF_INST/O
                         net (fo=1, routed)           0.040     0.622    pll_50MHz_inst/inst/clkin1_ibufds/OUT
    G30                  IBUFCTRL (Prop_IBUFCTRL_HPIOB_M_I_O)
                                                      0.000     0.622 r  pll_50MHz_inst/inst/clkin1_ibufds/IBUFCTRL_INST/O
                         net (fo=1, routed)           0.339     0.961    pll_50MHz_inst/inst/clk_in1_clk_wiz_0
    PLL_X0Y23            PLLE4_ADV (Prop_PLL_CLKIN_CLKOUT0)
                                                      0.430     1.391 r  pll_50MHz_inst/inst/plle4_adv_inst/CLKOUT0
                         net (fo=1, routed)           0.233     1.624    pll_50MHz_inst/inst/clk_out1_clk_wiz_0
    BUFGCE_X0Y287        BUFGCE (Prop_BUFCE_BUFGCE_I_O)
                                                      0.024     1.648 r  pll_50MHz_inst/inst/clkout1_buf/O
    X5Y8 (CLOCK_ROOT)    net (fo=2802, routed)        2.219     3.867    u_cpu_core/u_cpu3/clk_out1
    SLICE_X131Y509       FDRE                                         r  u_cpu_core/u_cpu3/latched_rd_reg[2]/C
  -------------------------------------------------------------------    -------------------
    SLICE_X131Y509       FDRE (Prop_EFF2_SLICEL_C_Q)
                                                      0.060     3.927 r  u_cpu_core/u_cpu3/latched_rd_reg[2]/Q
                         net (fo=81, routed)          0.158     4.085    u_cpu_core/u_cpu3/cpuregs_reg_r1_0_31_0_13/ADDRH2
    SLICE_X133Y507       RAMD32                                       r  u_cpu_core/u_cpu3/cpuregs_reg_r1_0_31_0_13/RAME/WADR2
  -------------------------------------------------------------------    -------------------

                         (clock clk_out1_clk_wiz_0 rise edge)
                                                      0.000     0.000 r  
    G30                                               0.000     0.000 r  USER_SI570_CLOCK_P (IN)
                         net (fo=0)                   0.100     0.100    pll_50MHz_inst/inst/clkin1_ibufds/I
    HPIOBDIFFINBUF_X0Y275
                         DIFFINBUF (Prop_DIFFINBUF_HPIOBDIFFINBUF_DIFF_IN_P_O)
                                                      0.613     0.713 r  pll_50MHz_inst/inst/clkin1_ibufds/DIFFINBUF_INST/O
                         net (fo=1, routed)           0.050     0.763    pll_50MHz_inst/inst/clkin1_ibufds/OUT
    G30                  IBUFCTRL (Prop_IBUFCTRL_HPIOB_M_I_O)
                                                      0.000     0.763 r  pll_50MHz_inst/inst/clkin1_ibufds/IBUFCTRL_INST/O
                         net (fo=1, routed)           0.390     1.153    pll_50MHz_inst/inst/clk_in1_clk_wiz_0
    PLL_X0Y23            PLLE4_ADV (Prop_PLL_CLKIN_CLKOUT0)
                                                      0.033     1.186 r  pll_50MHz_inst/inst/plle4_adv_inst/CLKOUT0
                         net (fo=1, routed)           0.272     1.458    pll_50MHz_inst/inst/clk_out1_clk_wiz_0
    BUFGCE_X0Y287        BUFGCE (Prop_BUFCE_BUFGCE_I_O)
                                                      0.028     1.486 r  pll_50MHz_inst/inst/clkout1_buf/O
    X5Y8 (CLOCK_ROOT)    net (fo=2802, routed)        2.533     4.018    u_cpu_core/u_cpu3/cpuregs_reg_r1_0_31_0_13/WCLK
    SLICE_X133Y507       RAMD32                                       r  u_cpu_core/u_cpu3/cpuregs_reg_r1_0_31_0_13/RAME/CLK
                         clock pessimism             -0.026     3.992    
    SLICE_X133Y507       RAMD32 (Hold_E5LUT_SLICEM_CLK_WADR2)
                                                      0.090     4.082    u_cpu_core/u_cpu3/cpuregs_reg_r1_0_31_0_13/RAME
  -------------------------------------------------------------------
                         required time                         -4.082    
                         arrival time                           4.085    
  -------------------------------------------------------------------
                         slack                                  0.003    

Slack (MET) :             0.003ns  (arrival time - required time)
  Source:                 u_cpu_core/u_cpu3/latched_rd_reg[2]/C
                            (rising edge-triggered cell FDRE clocked by clk_out1_clk_wiz_0  {rise@0.000ns fall@10.000ns period=20.000ns})
  Destination:            u_cpu_core/u_cpu3/cpuregs_reg_r1_0_31_0_13/RAME_D1/WADR2
                            (rising edge-triggered cell RAMD32 clocked by clk_out1_clk_wiz_0  {rise@0.000ns fall@10.000ns period=20.000ns})
  Path Group:             clk_out1_clk_wiz_0
  Path Type:              Hold (Min at Slow Process Corner)
  Requirement:            0.000ns  (clk_out1_clk_wiz_0 rise@0.000ns - clk_out1_clk_wiz_0 rise@0.000ns)
  Data Path Delay:        0.218ns  (logic 0.060ns (27.508%)  route 0.158ns (72.492%))
  Logic Levels:           0  
  Clock Path Skew:        0.125ns (DCD - SCD - CPR)
    Destination Clock Delay (DCD):    4.018ns
    Source Clock Delay      (SCD):    3.867ns
    Clock Pessimism Removal (CPR):    0.026ns
  Clock Net Delay (Source):      2.219ns (routing 1.368ns, distribution 0.851ns)
  Clock Net Delay (Destination): 2.533ns (routing 1.510ns, distribution 1.023ns)

    Location             Delay type                Incr(ns)  Path(ns)    Netlist Resource(s)
  -------------------------------------------------------------------    -------------------
                         (clock clk_out1_clk_wiz_0 rise edge)
                                                      0.000     0.000 r  
    G30                                               0.000     0.000 r  USER_SI570_CLOCK_P (IN)
                         net (fo=0)                   0.079     0.079    pll_50MHz_inst/inst/clkin1_ibufds/I
    HPIOBDIFFINBUF_X0Y275
                         DIFFINBUF (Prop_DIFFINBUF_HPIOBDIFFINBUF_DIFF_IN_P_O)
                                                      0.503     0.582 r  pll_50MHz_inst/inst/clkin1_ibufds/DIFFINBUF_INST/O
                         net (fo=1, routed)           0.040     0.622    pll_50MHz_inst/inst/clkin1_ibufds/OUT
    G30                  IBUFCTRL (Prop_IBUFCTRL_HPIOB_M_I_O)
                                                      0.000     0.622 r  pll_50MHz_inst/inst/clkin1_ibufds/IBUFCTRL_INST/O
                         net (fo=1, routed)           0.339     0.961    pll_50MHz_inst/inst/clk_in1_clk_wiz_0
    PLL_X0Y23            PLLE4_ADV (Prop_PLL_CLKIN_CLKOUT0)
                                                      0.430     1.391 r  pll_50MHz_inst/inst/plle4_adv_inst/CLKOUT0
                         net (fo=1, routed)           0.233     1.624    pll_50MHz_inst/inst/clk_out1_clk_wiz_0
    BUFGCE_X0Y287        BUFGCE (Prop_BUFCE_BUFGCE_I_O)
                                                      0.024     1.648 r  pll_50MHz_inst/inst/clkout1_buf/O
    X5Y8 (CLOCK_ROOT)    net (fo=2802, routed)        2.219     3.867    u_cpu_core/u_cpu3/clk_out1
    SLICE_X131Y509       FDRE                                         r  u_cpu_core/u_cpu3/latched_rd_reg[2]/C
  -------------------------------------------------------------------    -------------------
    SLICE_X131Y509       FDRE (Prop_EFF2_SLICEL_C_Q)
                                                      0.060     3.927 r  u_cpu_core/u_cpu3/latched_rd_reg[2]/Q
                         net (fo=81, routed)          0.158     4.085    u_cpu_core/u_cpu3/cpuregs_reg_r1_0_31_0_13/ADDRH2
    SLICE_X133Y507       RAMD32                                       r  u_cpu_core/u_cpu3/cpuregs_reg_r1_0_31_0_13/RAME_D1/WADR2
  -------------------------------------------------------------------    -------------------

                         (clock clk_out1_clk_wiz_0 rise edge)
                                                      0.000     0.000 r  
    G30                                               0.000     0.000 r  USER_SI570_CLOCK_P (IN)
                         net (fo=0)                   0.100     0.100    pll_50MHz_inst/inst/clkin1_ibufds/I
    HPIOBDIFFINBUF_X0Y275
                         DIFFINBUF (Prop_DIFFINBUF_HPIOBDIFFINBUF_DIFF_IN_P_O)
                                                      0.613     0.713 r  pll_50MHz_inst/inst/clkin1_ibufds/DIFFINBUF_INST/O
                         net (fo=1, routed)           0.050     0.763    pll_50MHz_inst/inst/clkin1_ibufds/OUT
    G30                  IBUFCTRL (Prop_IBUFCTRL_HPIOB_M_I_O)
                                                      0.000     0.763 r  pll_50MHz_inst/inst/clkin1_ibufds/IBUFCTRL_INST/O
                         net (fo=1, routed)           0.390     1.153    pll_50MHz_inst/inst/clk_in1_clk_wiz_0
    PLL_X0Y23            PLLE4_ADV (Prop_PLL_CLKIN_CLKOUT0)
                                                      0.033     1.186 r  pll_50MHz_inst/inst/plle4_adv_inst/CLKOUT0
                         net (fo=1, routed)           0.272     1.458    pll_50MHz_inst/inst/clk_out1_clk_wiz_0
    BUFGCE_X0Y287        BUFGCE (Prop_BUFCE_BUFGCE_I_O)
                                                      0.028     1.486 r  pll_50MHz_inst/inst/clkout1_buf/O
    X5Y8 (CLOCK_ROOT)    net (fo=2802, routed)        2.533     4.018    u_cpu_core/u_cpu3/cpuregs_reg_r1_0_31_0_13/WCLK
    SLICE_X133Y507       RAMD32                                       r  u_cpu_core/u_cpu3/cpuregs_reg_r1_0_31_0_13/RAME_D1/CLK
                         clock pessimism             -0.026     3.992    
    SLICE_X133Y507       RAMD32 (Hold_E6LUT_SLICEM_CLK_WADR2)
                                                      0.090     4.082    u_cpu_core/u_cpu3/cpuregs_reg_r1_0_31_0_13/RAME_D1
  -------------------------------------------------------------------
                         required time                         -4.082    
                         arrival time                           4.085    
  -------------------------------------------------------------------
                         slack                                  0.003    





Pulse Width Checks
--------------------------------------------------------------------------------------
Clock Name:         clk_out1_clk_wiz_0
Waveform(ns):       { 0.000 10.000 }
Period(ns):         20.000
Sources:            { pll_50MHz_inst/inst/plle4_adv_inst/CLKOUT0 }

Check Type        Corner  Lib Pin             Reference Pin  Required(ns)  Actual(ns)  Slack(ns)  Location        Pin
Min Period        n/a     RAMB36E2/CLKARDCLK  n/a            1.569         20.000      18.431     RAMB36_X11Y108  u_cpu_core/u_bram0/mem_reg_0_bram_0/CLKARDCLK
Min Period        n/a     RAMB36E2/CLKARDCLK  n/a            1.569         20.000      18.431     RAMB36_X11Y109  u_cpu_core/u_bram0/mem_reg_0_bram_1/CLKARDCLK
Min Period        n/a     RAMB36E2/CLKARDCLK  n/a            1.569         20.000      18.431     RAMB36_X11Y110  u_cpu_core/u_bram0/mem_reg_0_bram_2/CLKARDCLK
Min Period        n/a     RAMB36E2/CLKARDCLK  n/a            1.569         20.000      18.431     RAMB36_X11Y111  u_cpu_core/u_bram0/mem_reg_0_bram_3/CLKARDCLK
Min Period        n/a     RAMB36E2/CLKARDCLK  n/a            1.569         20.000      18.431     RAMB36_X10Y97   u_cpu_core/u_bram0/mem_reg_1_bram_0/CLKARDCLK
Min Period        n/a     RAMB36E2/CLKARDCLK  n/a            1.569         20.000      18.431     RAMB36_X10Y98   u_cpu_core/u_bram0/mem_reg_1_bram_1/CLKARDCLK
Min Period        n/a     RAMB36E2/CLKARDCLK  n/a            1.569         20.000      18.431     RAMB36_X10Y99   u_cpu_core/u_bram0/mem_reg_1_bram_2/CLKARDCLK
Min Period        n/a     RAMB36E2/CLKARDCLK  n/a            1.569         20.000      18.431     RAMB36_X10Y100  u_cpu_core/u_bram0/mem_reg_1_bram_3/CLKARDCLK
Min Period        n/a     RAMB36E2/CLKARDCLK  n/a            1.569         20.000      18.431     RAMB36_X8Y97    u_cpu_core/u_bram0/mem_reg_2_bram_0/CLKARDCLK
Min Period        n/a     RAMB36E2/CLKARDCLK  n/a            1.569         20.000      18.431     RAMB36_X8Y98    u_cpu_core/u_bram0/mem_reg_2_bram_1/CLKARDCLK
Low Pulse Width   Slow    FIFO18E2/RDCLK      n/a            0.542         10.000      9.458      RAMB18_X8Y192   rx_fifo/U0/inst_fifo_gen/gconvfifo.rf/gbi.bi/v8_fifo.fblk/rst_val_sym.gextw_sym[1].inst_extd/gonep.inst_prim/gf18e2_inst.sngfifo18e2/RDCLK
Low Pulse Width   Fast    FIFO18E2/RDCLK      n/a            0.542         10.000      9.458      RAMB18_X8Y192   rx_fifo/U0/inst_fifo_gen/gconvfifo.rf/gbi.bi/v8_fifo.fblk/rst_val_sym.gextw_sym[1].inst_extd/gonep.inst_prim/gf18e2_inst.sngfifo18e2/RDCLK
Low Pulse Width   Slow    FIFO18E2/WRCLK      n/a            0.542         10.000      9.458      RAMB18_X8Y192   rx_fifo/U0/inst_fifo_gen/gconvfifo.rf/gbi.bi/v8_fifo.fblk/rst_val_sym.gextw_sym[1].inst_extd/gonep.inst_prim/gf18e2_inst.sngfifo18e2/WRCLK
Low Pulse Width   Fast    FIFO18E2/WRCLK      n/a            0.542         10.000      9.458      RAMB18_X8Y192   rx_fifo/U0/inst_fifo_gen/gconvfifo.rf/gbi.bi/v8_fifo.fblk/rst_val_sym.gextw_sym[1].inst_extd/gonep.inst_prim/gf18e2_inst.sngfifo18e2/WRCLK
Low Pulse Width   Slow    FIFO18E2/RDCLK      n/a            0.542         10.000      9.458      RAMB18_X10Y192  tx_fifo/U0/inst_fifo_gen/gconvfifo.rf/gbi.bi/v8_fifo.fblk/rst_val_sym.gextw_sym[1].inst_extd/gonep.inst_prim/gf18e2_inst.sngfifo18e2/RDCLK
Low Pulse Width   Fast    FIFO18E2/RDCLK      n/a            0.542         10.000      9.458      RAMB18_X10Y192  tx_fifo/U0/inst_fifo_gen/gconvfifo.rf/gbi.bi/v8_fifo.fblk/rst_val_sym.gextw_sym[1].inst_extd/gonep.inst_prim/gf18e2_inst.sngfifo18e2/RDCLK
Low Pulse Width   Slow    FIFO18E2/WRCLK      n/a            0.542         10.000      9.458      RAMB18_X10Y192  tx_fifo/U0/inst_fifo_gen/gconvfifo.rf/gbi.bi/v8_fifo.fblk/rst_val_sym.gextw_sym[1].inst_extd/gonep.inst_prim/gf18e2_inst.sngfifo18e2/WRCLK
Low Pulse Width   Fast    FIFO18E2/WRCLK      n/a            0.542         10.000      9.458      RAMB18_X10Y192  tx_fifo/U0/inst_fifo_gen/gconvfifo.rf/gbi.bi/v8_fifo.fblk/rst_val_sym.gextw_sym[1].inst_extd/gonep.inst_prim/gf18e2_inst.sngfifo18e2/WRCLK
Low Pulse Width   Slow    RAMB36E2/CLKARDCLK  n/a            0.542         10.000      9.458      RAMB36_X11Y108  u_cpu_core/u_bram0/mem_reg_0_bram_0/CLKARDCLK
Low Pulse Width   Fast    RAMB36E2/CLKARDCLK  n/a            0.542         10.000      9.458      RAMB36_X11Y108  u_cpu_core/u_bram0/mem_reg_0_bram_0/CLKARDCLK
High Pulse Width  Slow    FIFO18E2/RDCLK      n/a            0.542         10.000      9.458      RAMB18_X8Y192   rx_fifo/U0/inst_fifo_gen/gconvfifo.rf/gbi.bi/v8_fifo.fblk/rst_val_sym.gextw_sym[1].inst_extd/gonep.inst_prim/gf18e2_inst.sngfifo18e2/RDCLK
High Pulse Width  Fast    FIFO18E2/RDCLK      n/a            0.542         10.000      9.458      RAMB18_X8Y192   rx_fifo/U0/inst_fifo_gen/gconvfifo.rf/gbi.bi/v8_fifo.fblk/rst_val_sym.gextw_sym[1].inst_extd/gonep.inst_prim/gf18e2_inst.sngfifo18e2/RDCLK
High Pulse Width  Slow    FIFO18E2/WRCLK      n/a            0.542         10.000      9.458      RAMB18_X8Y192   rx_fifo/U0/inst_fifo_gen/gconvfifo.rf/gbi.bi/v8_fifo.fblk/rst_val_sym.gextw_sym[1].inst_extd/gonep.inst_prim/gf18e2_inst.sngfifo18e2/WRCLK
High Pulse Width  Fast    FIFO18E2/WRCLK      n/a            0.542         10.000      9.458      RAMB18_X8Y192   rx_fifo/U0/inst_fifo_gen/gconvfifo.rf/gbi.bi/v8_fifo.fblk/rst_val_sym.gextw_sym[1].inst_extd/gonep.inst_prim/gf18e2_inst.sngfifo18e2/WRCLK
High Pulse Width  Slow    FIFO18E2/RDCLK      n/a            0.542         10.000      9.458      RAMB18_X10Y192  tx_fifo/U0/inst_fifo_gen/gconvfifo.rf/gbi.bi/v8_fifo.fblk/rst_val_sym.gextw_sym[1].inst_extd/gonep.inst_prim/gf18e2_inst.sngfifo18e2/RDCLK
High Pulse Width  Fast    FIFO18E2/RDCLK      n/a            0.542         10.000      9.458      RAMB18_X10Y192  tx_fifo/U0/inst_fifo_gen/gconvfifo.rf/gbi.bi/v8_fifo.fblk/rst_val_sym.gextw_sym[1].inst_extd/gonep.inst_prim/gf18e2_inst.sngfifo18e2/RDCLK
High Pulse Width  Slow    FIFO18E2/WRCLK      n/a            0.542         10.000      9.458      RAMB18_X10Y192  tx_fifo/U0/inst_fifo_gen/gconvfifo.rf/gbi.bi/v8_fifo.fblk/rst_val_sym.gextw_sym[1].inst_extd/gonep.inst_prim/gf18e2_inst.sngfifo18e2/WRCLK
High Pulse Width  Fast    FIFO18E2/WRCLK      n/a            0.542         10.000      9.458      RAMB18_X10Y192  tx_fifo/U0/inst_fifo_gen/gconvfifo.rf/gbi.bi/v8_fifo.fblk/rst_val_sym.gextw_sym[1].inst_extd/gonep.inst_prim/gf18e2_inst.sngfifo18e2/WRCLK
High Pulse Width  Slow    RAMB36E2/CLKARDCLK  n/a            0.542         10.000      9.458      RAMB36_X11Y108  u_cpu_core/u_bram0/mem_reg_0_bram_0/CLKARDCLK
High Pulse Width  Fast    RAMB36E2/CLKARDCLK  n/a            0.542         10.000      9.458      RAMB36_X11Y108  u_cpu_core/u_bram0/mem_reg_0_bram_0/CLKARDCLK



---------------------------------------------------------------------------------------------------
Path Group:  **async_default**
From Clock:  clk_out1_clk_wiz_0
  To Clock:  clk_out1_clk_wiz_0

Setup :            0  Failing Endpoints,  Worst Slack       17.366ns,  Total Violation        0.000ns
Hold  :            0  Failing Endpoints,  Worst Slack        0.338ns,  Total Violation        0.000ns
---------------------------------------------------------------------------------------------------


Max Delay Paths
--------------------------------------------------------------------------------------
Slack (MET) :             17.366ns  (required time - arrival time)
  Source:                 r_rst_cnt_reg[9]/C
                            (rising edge-triggered cell FDRE clocked by clk_out1_clk_wiz_0  {rise@0.000ns fall@10.000ns period=20.000ns})
  Destination:            u_cpu_core/local_rdata1_reg[0]/CLR
                            (recovery check against rising-edge clock clk_out1_clk_wiz_0  {rise@0.000ns fall@10.000ns period=20.000ns})
  Path Group:             **async_default**
  Path Type:              Recovery (Max at Slow Process Corner)
  Requirement:            20.000ns  (clk_out1_clk_wiz_0 rise@20.000ns - clk_out1_clk_wiz_0 rise@0.000ns)
  Data Path Delay:        2.366ns  (logic 0.376ns (15.893%)  route 1.990ns (84.107%))
  Logic Levels:           3  (LUT4=1 LUT5=1 LUT6=1)
  Clock Path Skew:        -0.131ns (DCD - SCD + CPR)
    Destination Clock Delay (DCD):    3.896ns = ( 23.896 - 20.000 ) 
    Source Clock Delay      (SCD):    4.008ns
    Clock Pessimism Removal (CPR):    -0.020ns
  Clock Uncertainty:      0.071ns  ((TSJ^2 + DJ^2)^1/2) / 2 + PE
    Total System Jitter     (TSJ):    0.071ns
    Discrete Jitter          (DJ):    0.123ns
    Phase Error              (PE):    0.000ns
  Clock Net Delay (Source):      2.522ns (routing 1.510ns, distribution 1.012ns)
  Clock Net Delay (Destination): 2.249ns (routing 1.368ns, distribution 0.881ns)

    Location             Delay type                Incr(ns)  Path(ns)    Netlist Resource(s)
  -------------------------------------------------------------------    -------------------
                         (clock clk_out1_clk_wiz_0 rise edge)
                                                      0.000     0.000 r  
    G30                                               0.000     0.000 r  USER_SI570_CLOCK_P (IN)
                         net (fo=0)                   0.100     0.100    pll_50MHz_inst/inst/clkin1_ibufds/I
    HPIOBDIFFINBUF_X0Y275
                         DIFFINBUF (Prop_DIFFINBUF_HPIOBDIFFINBUF_DIFF_IN_P_O)
                                                      0.613     0.713 r  pll_50MHz_inst/inst/clkin1_ibufds/DIFFINBUF_INST/O
                         net (fo=1, routed)           0.050     0.763    pll_50MHz_inst/inst/clkin1_ibufds/OUT
    G30                  IBUFCTRL (Prop_IBUFCTRL_HPIOB_M_I_O)
                                                      0.000     0.763 r  pll_50MHz_inst/inst/clkin1_ibufds/IBUFCTRL_INST/O
                         net (fo=1, routed)           0.390     1.153    pll_50MHz_inst/inst/clk_in1_clk_wiz_0
    PLL_X0Y23            PLLE4_ADV (Prop_PLL_CLKIN_CLKOUT0)
                                                      0.033     1.186 r  pll_50MHz_inst/inst/plle4_adv_inst/CLKOUT0
                         net (fo=1, routed)           0.272     1.458    pll_50MHz_inst/inst/clk_out1_clk_wiz_0
    BUFGCE_X0Y287        BUFGCE (Prop_BUFCE_BUFGCE_I_O)
                                                      0.028     1.486 r  pll_50MHz_inst/inst/clkout1_buf/O
    X5Y8 (CLOCK_ROOT)    net (fo=2802, routed)        2.522     4.008    w_clk_50MHz
    SLICE_X123Y511       FDRE                                         r  r_rst_cnt_reg[9]/C
  -------------------------------------------------------------------    -------------------
    SLICE_X123Y511       FDRE (Prop_BFF_SLICEL_C_Q)
                                                      0.079     4.087 f  r_rst_cnt_reg[9]/Q
                         net (fo=2, routed)           0.149     4.236    u_cpu_core/u_cpu3/r_rst_cnt_reg[9]
    SLICE_X123Y512       LUT4 (Prop_G6LUT_SLICEL_I0_O)
                                                      0.123     4.359 f  u_cpu_core/u_cpu3/state[1]_i_10/O
                         net (fo=1, routed)           0.163     4.522    u_cpu_core/u_cpu3/state[1]_i_10_n_0
    SLICE_X123Y509       LUT5 (Prop_G6LUT_SLICEL_I4_O)
                                                      0.123     4.645 f  u_cpu_core/u_cpu3/state[1]_i_7/O
                         net (fo=1, routed)           0.044     4.689    u_cpu_core/u_cpu3/state[1]_i_7_n_0
    SLICE_X123Y509       LUT6 (Prop_H6LUT_SLICEL_I5_O)
                                                      0.051     4.740 f  u_cpu_core/u_cpu3/state[1]_i_3__0/O
                         net (fo=1007, routed)        1.633     6.373    u_cpu_core/w_sys_rst
    SLICE_X142Y551       FDCE                                         f  u_cpu_core/local_rdata1_reg[0]/CLR
  -------------------------------------------------------------------    -------------------

                         (clock clk_out1_clk_wiz_0 rise edge)
                                                     20.000    20.000 r  
    G30                                               0.000    20.000 r  USER_SI570_CLOCK_P (IN)
                         net (fo=0)                   0.079    20.079    pll_50MHz_inst/inst/clkin1_ibufds/I
    HPIOBDIFFINBUF_X0Y275
                         DIFFINBUF (Prop_DIFFINBUF_HPIOBDIFFINBUF_DIFF_IN_P_O)
                                                      0.503    20.582 r  pll_50MHz_inst/inst/clkin1_ibufds/DIFFINBUF_INST/O
                         net (fo=1, routed)           0.040    20.622    pll_50MHz_inst/inst/clkin1_ibufds/OUT
    G30                  IBUFCTRL (Prop_IBUFCTRL_HPIOB_M_I_O)
                                                      0.000    20.622 r  pll_50MHz_inst/inst/clkin1_ibufds/IBUFCTRL_INST/O
                         net (fo=1, routed)           0.339    20.961    pll_50MHz_inst/inst/clk_in1_clk_wiz_0
    PLL_X0Y23            PLLE4_ADV (Prop_PLL_CLKIN_CLKOUT0)
                                                      0.430    21.391 r  pll_50MHz_inst/inst/plle4_adv_inst/CLKOUT0
                         net (fo=1, routed)           0.233    21.624    pll_50MHz_inst/inst/clk_out1_clk_wiz_0
    BUFGCE_X0Y287        BUFGCE (Prop_BUFCE_BUFGCE_I_O)
                                                      0.024    21.648 r  pll_50MHz_inst/inst/clkout1_buf/O
    X5Y8 (CLOCK_ROOT)    net (fo=2802, routed)        2.249    23.896    u_cpu_core/clk_out1
    SLICE_X142Y551       FDCE                                         r  u_cpu_core/local_rdata1_reg[0]/C
                         clock pessimism             -0.020    23.876    
                         clock uncertainty           -0.071    23.805    
    SLICE_X142Y551       FDCE (Recov_EFF_SLICEM_C_CLR)
                                                     -0.066    23.739    u_cpu_core/local_rdata1_reg[0]
  -------------------------------------------------------------------
                         required time                         23.739    
                         arrival time                          -6.373    
  -------------------------------------------------------------------
                         slack                                 17.366    

Slack (MET) :             17.609ns  (required time - arrival time)
  Source:                 r_rst_cnt_reg[9]/C
                            (rising edge-triggered cell FDRE clocked by clk_out1_clk_wiz_0  {rise@0.000ns fall@10.000ns period=20.000ns})
  Destination:            u_cpu_core/buf_to_1_reg[1]/CLR
                            (recovery check against rising-edge clock clk_out1_clk_wiz_0  {rise@0.000ns fall@10.000ns period=20.000ns})
  Path Group:             **async_default**
  Path Type:              Recovery (Max at Slow Process Corner)
  Requirement:            20.000ns  (clk_out1_clk_wiz_0 rise@20.000ns - clk_out1_clk_wiz_0 rise@0.000ns)
  Data Path Delay:        2.030ns  (logic 0.376ns (18.526%)  route 1.654ns (81.474%))
  Logic Levels:           3  (LUT4=1 LUT5=1 LUT6=1)
  Clock Path Skew:        -0.224ns (DCD - SCD + CPR)
    Destination Clock Delay (DCD):    3.766ns = ( 23.766 - 20.000 ) 
    Source Clock Delay      (SCD):    4.008ns
    Clock Pessimism Removal (CPR):    0.017ns
  Clock Uncertainty:      0.071ns  ((TSJ^2 + DJ^2)^1/2) / 2 + PE
    Total System Jitter     (TSJ):    0.071ns
    Discrete Jitter          (DJ):    0.123ns
    Phase Error              (PE):    0.000ns
  Clock Net Delay (Source):      2.522ns (routing 1.510ns, distribution 1.012ns)
  Clock Net Delay (Destination): 2.118ns (routing 1.368ns, distribution 0.750ns)

    Location             Delay type                Incr(ns)  Path(ns)    Netlist Resource(s)
  -------------------------------------------------------------------    -------------------
                         (clock clk_out1_clk_wiz_0 rise edge)
                                                      0.000     0.000 r  
    G30                                               0.000     0.000 r  USER_SI570_CLOCK_P (IN)
                         net (fo=0)                   0.100     0.100    pll_50MHz_inst/inst/clkin1_ibufds/I
    HPIOBDIFFINBUF_X0Y275
                         DIFFINBUF (Prop_DIFFINBUF_HPIOBDIFFINBUF_DIFF_IN_P_O)
                                                      0.613     0.713 r  pll_50MHz_inst/inst/clkin1_ibufds/DIFFINBUF_INST/O
                         net (fo=1, routed)           0.050     0.763    pll_50MHz_inst/inst/clkin1_ibufds/OUT
    G30                  IBUFCTRL (Prop_IBUFCTRL_HPIOB_M_I_O)
                                                      0.000     0.763 r  pll_50MHz_inst/inst/clkin1_ibufds/IBUFCTRL_INST/O
                         net (fo=1, routed)           0.390     1.153    pll_50MHz_inst/inst/clk_in1_clk_wiz_0
    PLL_X0Y23            PLLE4_ADV (Prop_PLL_CLKIN_CLKOUT0)
                                                      0.033     1.186 r  pll_50MHz_inst/inst/plle4_adv_inst/CLKOUT0
                         net (fo=1, routed)           0.272     1.458    pll_50MHz_inst/inst/clk_out1_clk_wiz_0
    BUFGCE_X0Y287        BUFGCE (Prop_BUFCE_BUFGCE_I_O)
                                                      0.028     1.486 r  pll_50MHz_inst/inst/clkout1_buf/O
    X5Y8 (CLOCK_ROOT)    net (fo=2802, routed)        2.522     4.008    w_clk_50MHz
    SLICE_X123Y511       FDRE                                         r  r_rst_cnt_reg[9]/C
  -------------------------------------------------------------------    -------------------
    SLICE_X123Y511       FDRE (Prop_BFF_SLICEL_C_Q)
                                                      0.079     4.087 f  r_rst_cnt_reg[9]/Q
                         net (fo=2, routed)           0.149     4.236    u_cpu_core/u_cpu3/r_rst_cnt_reg[9]
    SLICE_X123Y512       LUT4 (Prop_G6LUT_SLICEL_I0_O)
                                                      0.123     4.359 f  u_cpu_core/u_cpu3/state[1]_i_10/O
                         net (fo=1, routed)           0.163     4.522    u_cpu_core/u_cpu3/state[1]_i_10_n_0
    SLICE_X123Y509       LUT5 (Prop_G6LUT_SLICEL_I4_O)
                                                      0.123     4.645 f  u_cpu_core/u_cpu3/state[1]_i_7/O
                         net (fo=1, routed)           0.044     4.689    u_cpu_core/u_cpu3/state[1]_i_7_n_0
    SLICE_X123Y509       LUT6 (Prop_H6LUT_SLICEL_I5_O)
                                                      0.051     4.740 f  u_cpu_core/u_cpu3/state[1]_i_3__0/O
                         net (fo=1007, routed)        1.297     6.037    u_cpu_core/w_sys_rst
    SLICE_X146Y537       FDCE                                         f  u_cpu_core/buf_to_1_reg[1]/CLR
  -------------------------------------------------------------------    -------------------

                         (clock clk_out1_clk_wiz_0 rise edge)
                                                     20.000    20.000 r  
    G30                                               0.000    20.000 r  USER_SI570_CLOCK_P (IN)
                         net (fo=0)                   0.079    20.079    pll_50MHz_inst/inst/clkin1_ibufds/I
    HPIOBDIFFINBUF_X0Y275
                         DIFFINBUF (Prop_DIFFINBUF_HPIOBDIFFINBUF_DIFF_IN_P_O)
                                                      0.503    20.582 r  pll_50MHz_inst/inst/clkin1_ibufds/DIFFINBUF_INST/O
                         net (fo=1, routed)           0.040    20.622    pll_50MHz_inst/inst/clkin1_ibufds/OUT
    G30                  IBUFCTRL (Prop_IBUFCTRL_HPIOB_M_I_O)
                                                      0.000    20.622 r  pll_50MHz_inst/inst/clkin1_ibufds/IBUFCTRL_INST/O
                         net (fo=1, routed)           0.339    20.961    pll_50MHz_inst/inst/clk_in1_clk_wiz_0
    PLL_X0Y23            PLLE4_ADV (Prop_PLL_CLKIN_CLKOUT0)
                                                      0.430    21.391 r  pll_50MHz_inst/inst/plle4_adv_inst/CLKOUT0
                         net (fo=1, routed)           0.233    21.624    pll_50MHz_inst/inst/clk_out1_clk_wiz_0
    BUFGCE_X0Y287        BUFGCE (Prop_BUFCE_BUFGCE_I_O)
                                                      0.024    21.648 r  pll_50MHz_inst/inst/clkout1_buf/O
    X5Y8 (CLOCK_ROOT)    net (fo=2802, routed)        2.118    23.766    u_cpu_core/clk_out1
    SLICE_X146Y537       FDCE                                         r  u_cpu_core/buf_to_1_reg[1]/C
                         clock pessimism              0.017    23.783    
                         clock uncertainty           -0.071    23.712    
    SLICE_X146Y537       FDCE (Recov_EFF_SLICEM_C_CLR)
                                                     -0.066    23.646    u_cpu_core/buf_to_1_reg[1]
  -------------------------------------------------------------------
                         required time                         23.646    
                         arrival time                          -6.037    
  -------------------------------------------------------------------
                         slack                                 17.609    

Slack (MET) :             17.609ns  (required time - arrival time)
  Source:                 r_rst_cnt_reg[9]/C
                            (rising edge-triggered cell FDRE clocked by clk_out1_clk_wiz_0  {rise@0.000ns fall@10.000ns period=20.000ns})
  Destination:            u_cpu_core/buf_to_1_reg[2]/CLR
                            (recovery check against rising-edge clock clk_out1_clk_wiz_0  {rise@0.000ns fall@10.000ns period=20.000ns})
  Path Group:             **async_default**
  Path Type:              Recovery (Max at Slow Process Corner)
  Requirement:            20.000ns  (clk_out1_clk_wiz_0 rise@20.000ns - clk_out1_clk_wiz_0 rise@0.000ns)
  Data Path Delay:        2.030ns  (logic 0.376ns (18.526%)  route 1.654ns (81.474%))
  Logic Levels:           3  (LUT4=1 LUT5=1 LUT6=1)
  Clock Path Skew:        -0.224ns (DCD - SCD + CPR)
    Destination Clock Delay (DCD):    3.766ns = ( 23.766 - 20.000 ) 
    Source Clock Delay      (SCD):    4.008ns
    Clock Pessimism Removal (CPR):    0.017ns
  Clock Uncertainty:      0.071ns  ((TSJ^2 + DJ^2)^1/2) / 2 + PE
    Total System Jitter     (TSJ):    0.071ns
    Discrete Jitter          (DJ):    0.123ns
    Phase Error              (PE):    0.000ns
  Clock Net Delay (Source):      2.522ns (routing 1.510ns, distribution 1.012ns)
  Clock Net Delay (Destination): 2.118ns (routing 1.368ns, distribution 0.750ns)

    Location             Delay type                Incr(ns)  Path(ns)    Netlist Resource(s)
  -------------------------------------------------------------------    -------------------
                         (clock clk_out1_clk_wiz_0 rise edge)
                                                      0.000     0.000 r  
    G30                                               0.000     0.000 r  USER_SI570_CLOCK_P (IN)
                         net (fo=0)                   0.100     0.100    pll_50MHz_inst/inst/clkin1_ibufds/I
    HPIOBDIFFINBUF_X0Y275
                         DIFFINBUF (Prop_DIFFINBUF_HPIOBDIFFINBUF_DIFF_IN_P_O)
                                                      0.613     0.713 r  pll_50MHz_inst/inst/clkin1_ibufds/DIFFINBUF_INST/O
                         net (fo=1, routed)           0.050     0.763    pll_50MHz_inst/inst/clkin1_ibufds/OUT
    G30                  IBUFCTRL (Prop_IBUFCTRL_HPIOB_M_I_O)
                                                      0.000     0.763 r  pll_50MHz_inst/inst/clkin1_ibufds/IBUFCTRL_INST/O
                         net (fo=1, routed)           0.390     1.153    pll_50MHz_inst/inst/clk_in1_clk_wiz_0
    PLL_X0Y23            PLLE4_ADV (Prop_PLL_CLKIN_CLKOUT0)
                                                      0.033     1.186 r  pll_50MHz_inst/inst/plle4_adv_inst/CLKOUT0
                         net (fo=1, routed)           0.272     1.458    pll_50MHz_inst/inst/clk_out1_clk_wiz_0
    BUFGCE_X0Y287        BUFGCE (Prop_BUFCE_BUFGCE_I_O)
                                                      0.028     1.486 r  pll_50MHz_inst/inst/clkout1_buf/O
    X5Y8 (CLOCK_ROOT)    net (fo=2802, routed)        2.522     4.008    w_clk_50MHz
    SLICE_X123Y511       FDRE                                         r  r_rst_cnt_reg[9]/C
  -------------------------------------------------------------------    -------------------
    SLICE_X123Y511       FDRE (Prop_BFF_SLICEL_C_Q)
                                                      0.079     4.087 f  r_rst_cnt_reg[9]/Q
                         net (fo=2, routed)           0.149     4.236    u_cpu_core/u_cpu3/r_rst_cnt_reg[9]
    SLICE_X123Y512       LUT4 (Prop_G6LUT_SLICEL_I0_O)
                                                      0.123     4.359 f  u_cpu_core/u_cpu3/state[1]_i_10/O
                         net (fo=1, routed)           0.163     4.522    u_cpu_core/u_cpu3/state[1]_i_10_n_0
    SLICE_X123Y509       LUT5 (Prop_G6LUT_SLICEL_I4_O)
                                                      0.123     4.645 f  u_cpu_core/u_cpu3/state[1]_i_7/O
                         net (fo=1, routed)           0.044     4.689    u_cpu_core/u_cpu3/state[1]_i_7_n_0
    SLICE_X123Y509       LUT6 (Prop_H6LUT_SLICEL_I5_O)
                                                      0.051     4.740 f  u_cpu_core/u_cpu3/state[1]_i_3__0/O
                         net (fo=1007, routed)        1.297     6.037    u_cpu_core/w_sys_rst
    SLICE_X146Y537       FDCE                                         f  u_cpu_core/buf_to_1_reg[2]/CLR
  -------------------------------------------------------------------    -------------------

                         (clock clk_out1_clk_wiz_0 rise edge)
                                                     20.000    20.000 r  
    G30                                               0.000    20.000 r  USER_SI570_CLOCK_P (IN)
                         net (fo=0)                   0.079    20.079    pll_50MHz_inst/inst/clkin1_ibufds/I
    HPIOBDIFFINBUF_X0Y275
                         DIFFINBUF (Prop_DIFFINBUF_HPIOBDIFFINBUF_DIFF_IN_P_O)
                                                      0.503    20.582 r  pll_50MHz_inst/inst/clkin1_ibufds/DIFFINBUF_INST/O
                         net (fo=1, routed)           0.040    20.622    pll_50MHz_inst/inst/clkin1_ibufds/OUT
    G30                  IBUFCTRL (Prop_IBUFCTRL_HPIOB_M_I_O)
                                                      0.000    20.622 r  pll_50MHz_inst/inst/clkin1_ibufds/IBUFCTRL_INST/O
                         net (fo=1, routed)           0.339    20.961    pll_50MHz_inst/inst/clk_in1_clk_wiz_0
    PLL_X0Y23            PLLE4_ADV (Prop_PLL_CLKIN_CLKOUT0)
                                                      0.430    21.391 r  pll_50MHz_inst/inst/plle4_adv_inst/CLKOUT0
                         net (fo=1, routed)           0.233    21.624    pll_50MHz_inst/inst/clk_out1_clk_wiz_0
    BUFGCE_X0Y287        BUFGCE (Prop_BUFCE_BUFGCE_I_O)
                                                      0.024    21.648 r  pll_50MHz_inst/inst/clkout1_buf/O
    X5Y8 (CLOCK_ROOT)    net (fo=2802, routed)        2.118    23.766    u_cpu_core/clk_out1
    SLICE_X146Y537       FDCE                                         r  u_cpu_core/buf_to_1_reg[2]/C
                         clock pessimism              0.017    23.783    
                         clock uncertainty           -0.071    23.712    
    SLICE_X146Y537       FDCE (Recov_EFF2_SLICEM_C_CLR)
                                                     -0.066    23.646    u_cpu_core/buf_to_1_reg[2]
  -------------------------------------------------------------------
                         required time                         23.646    
                         arrival time                          -6.037    
  -------------------------------------------------------------------
                         slack                                 17.609    

Slack (MET) :             17.609ns  (required time - arrival time)
  Source:                 r_rst_cnt_reg[9]/C
                            (rising edge-triggered cell FDRE clocked by clk_out1_clk_wiz_0  {rise@0.000ns fall@10.000ns period=20.000ns})
  Destination:            u_cpu_core/buf_to_1_reg[3]/CLR
                            (recovery check against rising-edge clock clk_out1_clk_wiz_0  {rise@0.000ns fall@10.000ns period=20.000ns})
  Path Group:             **async_default**
  Path Type:              Recovery (Max at Slow Process Corner)
  Requirement:            20.000ns  (clk_out1_clk_wiz_0 rise@20.000ns - clk_out1_clk_wiz_0 rise@0.000ns)
  Data Path Delay:        2.030ns  (logic 0.376ns (18.526%)  route 1.654ns (81.474%))
  Logic Levels:           3  (LUT4=1 LUT5=1 LUT6=1)
  Clock Path Skew:        -0.224ns (DCD - SCD + CPR)
    Destination Clock Delay (DCD):    3.766ns = ( 23.766 - 20.000 ) 
    Source Clock Delay      (SCD):    4.008ns
    Clock Pessimism Removal (CPR):    0.017ns
  Clock Uncertainty:      0.071ns  ((TSJ^2 + DJ^2)^1/2) / 2 + PE
    Total System Jitter     (TSJ):    0.071ns
    Discrete Jitter          (DJ):    0.123ns
    Phase Error              (PE):    0.000ns
  Clock Net Delay (Source):      2.522ns (routing 1.510ns, distribution 1.012ns)
  Clock Net Delay (Destination): 2.118ns (routing 1.368ns, distribution 0.750ns)

    Location             Delay type                Incr(ns)  Path(ns)    Netlist Resource(s)
  -------------------------------------------------------------------    -------------------
                         (clock clk_out1_clk_wiz_0 rise edge)
                                                      0.000     0.000 r  
    G30                                               0.000     0.000 r  USER_SI570_CLOCK_P (IN)
                         net (fo=0)                   0.100     0.100    pll_50MHz_inst/inst/clkin1_ibufds/I
    HPIOBDIFFINBUF_X0Y275
                         DIFFINBUF (Prop_DIFFINBUF_HPIOBDIFFINBUF_DIFF_IN_P_O)
                                                      0.613     0.713 r  pll_50MHz_inst/inst/clkin1_ibufds/DIFFINBUF_INST/O
                         net (fo=1, routed)           0.050     0.763    pll_50MHz_inst/inst/clkin1_ibufds/OUT
    G30                  IBUFCTRL (Prop_IBUFCTRL_HPIOB_M_I_O)
                                                      0.000     0.763 r  pll_50MHz_inst/inst/clkin1_ibufds/IBUFCTRL_INST/O
                         net (fo=1, routed)           0.390     1.153    pll_50MHz_inst/inst/clk_in1_clk_wiz_0
    PLL_X0Y23            PLLE4_ADV (Prop_PLL_CLKIN_CLKOUT0)
                                                      0.033     1.186 r  pll_50MHz_inst/inst/plle4_adv_inst/CLKOUT0
                         net (fo=1, routed)           0.272     1.458    pll_50MHz_inst/inst/clk_out1_clk_wiz_0
    BUFGCE_X0Y287        BUFGCE (Prop_BUFCE_BUFGCE_I_O)
                                                      0.028     1.486 r  pll_50MHz_inst/inst/clkout1_buf/O
    X5Y8 (CLOCK_ROOT)    net (fo=2802, routed)        2.522     4.008    w_clk_50MHz
    SLICE_X123Y511       FDRE                                         r  r_rst_cnt_reg[9]/C
  -------------------------------------------------------------------    -------------------
    SLICE_X123Y511       FDRE (Prop_BFF_SLICEL_C_Q)
                                                      0.079     4.087 f  r_rst_cnt_reg[9]/Q
                         net (fo=2, routed)           0.149     4.236    u_cpu_core/u_cpu3/r_rst_cnt_reg[9]
    SLICE_X123Y512       LUT4 (Prop_G6LUT_SLICEL_I0_O)
                                                      0.123     4.359 f  u_cpu_core/u_cpu3/state[1]_i_10/O
                         net (fo=1, routed)           0.163     4.522    u_cpu_core/u_cpu3/state[1]_i_10_n_0
    SLICE_X123Y509       LUT5 (Prop_G6LUT_SLICEL_I4_O)
                                                      0.123     4.645 f  u_cpu_core/u_cpu3/state[1]_i_7/O
                         net (fo=1, routed)           0.044     4.689    u_cpu_core/u_cpu3/state[1]_i_7_n_0
    SLICE_X123Y509       LUT6 (Prop_H6LUT_SLICEL_I5_O)
                                                      0.051     4.740 f  u_cpu_core/u_cpu3/state[1]_i_3__0/O
                         net (fo=1007, routed)        1.297     6.037    u_cpu_core/w_sys_rst
    SLICE_X146Y537       FDCE                                         f  u_cpu_core/buf_to_1_reg[3]/CLR
  -------------------------------------------------------------------    -------------------

                         (clock clk_out1_clk_wiz_0 rise edge)
                                                     20.000    20.000 r  
    G30                                               0.000    20.000 r  USER_SI570_CLOCK_P (IN)
                         net (fo=0)                   0.079    20.079    pll_50MHz_inst/inst/clkin1_ibufds/I
    HPIOBDIFFINBUF_X0Y275
                         DIFFINBUF (Prop_DIFFINBUF_HPIOBDIFFINBUF_DIFF_IN_P_O)
                                                      0.503    20.582 r  pll_50MHz_inst/inst/clkin1_ibufds/DIFFINBUF_INST/O
                         net (fo=1, routed)           0.040    20.622    pll_50MHz_inst/inst/clkin1_ibufds/OUT
    G30                  IBUFCTRL (Prop_IBUFCTRL_HPIOB_M_I_O)
                                                      0.000    20.622 r  pll_50MHz_inst/inst/clkin1_ibufds/IBUFCTRL_INST/O
                         net (fo=1, routed)           0.339    20.961    pll_50MHz_inst/inst/clk_in1_clk_wiz_0
    PLL_X0Y23            PLLE4_ADV (Prop_PLL_CLKIN_CLKOUT0)
                                                      0.430    21.391 r  pll_50MHz_inst/inst/plle4_adv_inst/CLKOUT0
                         net (fo=1, routed)           0.233    21.624    pll_50MHz_inst/inst/clk_out1_clk_wiz_0
    BUFGCE_X0Y287        BUFGCE (Prop_BUFCE_BUFGCE_I_O)
                                                      0.024    21.648 r  pll_50MHz_inst/inst/clkout1_buf/O
    X5Y8 (CLOCK_ROOT)    net (fo=2802, routed)        2.118    23.766    u_cpu_core/clk_out1
    SLICE_X146Y537       FDCE                                         r  u_cpu_core/buf_to_1_reg[3]/C
                         clock pessimism              0.017    23.783    
                         clock uncertainty           -0.071    23.712    
    SLICE_X146Y537       FDCE (Recov_FFF_SLICEM_C_CLR)
                                                     -0.066    23.646    u_cpu_core/buf_to_1_reg[3]
  -------------------------------------------------------------------
                         required time                         23.646    
                         arrival time                          -6.037    
  -------------------------------------------------------------------
                         slack                                 17.609    

Slack (MET) :             17.609ns  (required time - arrival time)
  Source:                 r_rst_cnt_reg[9]/C
                            (rising edge-triggered cell FDRE clocked by clk_out1_clk_wiz_0  {rise@0.000ns fall@10.000ns period=20.000ns})
  Destination:            u_cpu_core/buf_to_1_reg[4]/CLR
                            (recovery check against rising-edge clock clk_out1_clk_wiz_0  {rise@0.000ns fall@10.000ns period=20.000ns})
  Path Group:             **async_default**
  Path Type:              Recovery (Max at Slow Process Corner)
  Requirement:            20.000ns  (clk_out1_clk_wiz_0 rise@20.000ns - clk_out1_clk_wiz_0 rise@0.000ns)
  Data Path Delay:        2.030ns  (logic 0.376ns (18.526%)  route 1.654ns (81.474%))
  Logic Levels:           3  (LUT4=1 LUT5=1 LUT6=1)
  Clock Path Skew:        -0.224ns (DCD - SCD + CPR)
    Destination Clock Delay (DCD):    3.766ns = ( 23.766 - 20.000 ) 
    Source Clock Delay      (SCD):    4.008ns
    Clock Pessimism Removal (CPR):    0.017ns
  Clock Uncertainty:      0.071ns  ((TSJ^2 + DJ^2)^1/2) / 2 + PE
    Total System Jitter     (TSJ):    0.071ns
    Discrete Jitter          (DJ):    0.123ns
    Phase Error              (PE):    0.000ns
  Clock Net Delay (Source):      2.522ns (routing 1.510ns, distribution 1.012ns)
  Clock Net Delay (Destination): 2.118ns (routing 1.368ns, distribution 0.750ns)

    Location             Delay type                Incr(ns)  Path(ns)    Netlist Resource(s)
  -------------------------------------------------------------------    -------------------
                         (clock clk_out1_clk_wiz_0 rise edge)
                                                      0.000     0.000 r  
    G30                                               0.000     0.000 r  USER_SI570_CLOCK_P (IN)
                         net (fo=0)                   0.100     0.100    pll_50MHz_inst/inst/clkin1_ibufds/I
    HPIOBDIFFINBUF_X0Y275
                         DIFFINBUF (Prop_DIFFINBUF_HPIOBDIFFINBUF_DIFF_IN_P_O)
                                                      0.613     0.713 r  pll_50MHz_inst/inst/clkin1_ibufds/DIFFINBUF_INST/O
                         net (fo=1, routed)           0.050     0.763    pll_50MHz_inst/inst/clkin1_ibufds/OUT
    G30                  IBUFCTRL (Prop_IBUFCTRL_HPIOB_M_I_O)
                                                      0.000     0.763 r  pll_50MHz_inst/inst/clkin1_ibufds/IBUFCTRL_INST/O
                         net (fo=1, routed)           0.390     1.153    pll_50MHz_inst/inst/clk_in1_clk_wiz_0
    PLL_X0Y23            PLLE4_ADV (Prop_PLL_CLKIN_CLKOUT0)
                                                      0.033     1.186 r  pll_50MHz_inst/inst/plle4_adv_inst/CLKOUT0
                         net (fo=1, routed)           0.272     1.458    pll_50MHz_inst/inst/clk_out1_clk_wiz_0
    BUFGCE_X0Y287        BUFGCE (Prop_BUFCE_BUFGCE_I_O)
                                                      0.028     1.486 r  pll_50MHz_inst/inst/clkout1_buf/O
    X5Y8 (CLOCK_ROOT)    net (fo=2802, routed)        2.522     4.008    w_clk_50MHz
    SLICE_X123Y511       FDRE                                         r  r_rst_cnt_reg[9]/C
  -------------------------------------------------------------------    -------------------
    SLICE_X123Y511       FDRE (Prop_BFF_SLICEL_C_Q)
                                                      0.079     4.087 f  r_rst_cnt_reg[9]/Q
                         net (fo=2, routed)           0.149     4.236    u_cpu_core/u_cpu3/r_rst_cnt_reg[9]
    SLICE_X123Y512       LUT4 (Prop_G6LUT_SLICEL_I0_O)
                                                      0.123     4.359 f  u_cpu_core/u_cpu3/state[1]_i_10/O
                         net (fo=1, routed)           0.163     4.522    u_cpu_core/u_cpu3/state[1]_i_10_n_0
    SLICE_X123Y509       LUT5 (Prop_G6LUT_SLICEL_I4_O)
                                                      0.123     4.645 f  u_cpu_core/u_cpu3/state[1]_i_7/O
                         net (fo=1, routed)           0.044     4.689    u_cpu_core/u_cpu3/state[1]_i_7_n_0
    SLICE_X123Y509       LUT6 (Prop_H6LUT_SLICEL_I5_O)
                                                      0.051     4.740 f  u_cpu_core/u_cpu3/state[1]_i_3__0/O
                         net (fo=1007, routed)        1.297     6.037    u_cpu_core/w_sys_rst
    SLICE_X146Y537       FDCE                                         f  u_cpu_core/buf_to_1_reg[4]/CLR
  -------------------------------------------------------------------    -------------------

                         (clock clk_out1_clk_wiz_0 rise edge)
                                                     20.000    20.000 r  
    G30                                               0.000    20.000 r  USER_SI570_CLOCK_P (IN)
                         net (fo=0)                   0.079    20.079    pll_50MHz_inst/inst/clkin1_ibufds/I
    HPIOBDIFFINBUF_X0Y275
                         DIFFINBUF (Prop_DIFFINBUF_HPIOBDIFFINBUF_DIFF_IN_P_O)
                                                      0.503    20.582 r  pll_50MHz_inst/inst/clkin1_ibufds/DIFFINBUF_INST/O
                         net (fo=1, routed)           0.040    20.622    pll_50MHz_inst/inst/clkin1_ibufds/OUT
    G30                  IBUFCTRL (Prop_IBUFCTRL_HPIOB_M_I_O)
                                                      0.000    20.622 r  pll_50MHz_inst/inst/clkin1_ibufds/IBUFCTRL_INST/O
                         net (fo=1, routed)           0.339    20.961    pll_50MHz_inst/inst/clk_in1_clk_wiz_0
    PLL_X0Y23            PLLE4_ADV (Prop_PLL_CLKIN_CLKOUT0)
                                                      0.430    21.391 r  pll_50MHz_inst/inst/plle4_adv_inst/CLKOUT0
                         net (fo=1, routed)           0.233    21.624    pll_50MHz_inst/inst/clk_out1_clk_wiz_0
    BUFGCE_X0Y287        BUFGCE (Prop_BUFCE_BUFGCE_I_O)
                                                      0.024    21.648 r  pll_50MHz_inst/inst/clkout1_buf/O
    X5Y8 (CLOCK_ROOT)    net (fo=2802, routed)        2.118    23.766    u_cpu_core/clk_out1
    SLICE_X146Y537       FDCE                                         r  u_cpu_core/buf_to_1_reg[4]/C
                         clock pessimism              0.017    23.783    
                         clock uncertainty           -0.071    23.712    
    SLICE_X146Y537       FDCE (Recov_FFF2_SLICEM_C_CLR)
                                                     -0.066    23.646    u_cpu_core/buf_to_1_reg[4]
  -------------------------------------------------------------------
                         required time                         23.646    
                         arrival time                          -6.037    
  -------------------------------------------------------------------
                         slack                                 17.609    

Slack (MET) :             17.609ns  (required time - arrival time)
  Source:                 r_rst_cnt_reg[9]/C
                            (rising edge-triggered cell FDRE clocked by clk_out1_clk_wiz_0  {rise@0.000ns fall@10.000ns period=20.000ns})
  Destination:            u_cpu_core/buf_to_1_reg[5]/CLR
                            (recovery check against rising-edge clock clk_out1_clk_wiz_0  {rise@0.000ns fall@10.000ns period=20.000ns})
  Path Group:             **async_default**
  Path Type:              Recovery (Max at Slow Process Corner)
  Requirement:            20.000ns  (clk_out1_clk_wiz_0 rise@20.000ns - clk_out1_clk_wiz_0 rise@0.000ns)
  Data Path Delay:        2.030ns  (logic 0.376ns (18.526%)  route 1.654ns (81.474%))
  Logic Levels:           3  (LUT4=1 LUT5=1 LUT6=1)
  Clock Path Skew:        -0.224ns (DCD - SCD + CPR)
    Destination Clock Delay (DCD):    3.766ns = ( 23.766 - 20.000 ) 
    Source Clock Delay      (SCD):    4.008ns
    Clock Pessimism Removal (CPR):    0.017ns
  Clock Uncertainty:      0.071ns  ((TSJ^2 + DJ^2)^1/2) / 2 + PE
    Total System Jitter     (TSJ):    0.071ns
    Discrete Jitter          (DJ):    0.123ns
    Phase Error              (PE):    0.000ns
  Clock Net Delay (Source):      2.522ns (routing 1.510ns, distribution 1.012ns)
  Clock Net Delay (Destination): 2.118ns (routing 1.368ns, distribution 0.750ns)

    Location             Delay type                Incr(ns)  Path(ns)    Netlist Resource(s)
  -------------------------------------------------------------------    -------------------
                         (clock clk_out1_clk_wiz_0 rise edge)
                                                      0.000     0.000 r  
    G30                                               0.000     0.000 r  USER_SI570_CLOCK_P (IN)
                         net (fo=0)                   0.100     0.100    pll_50MHz_inst/inst/clkin1_ibufds/I
    HPIOBDIFFINBUF_X0Y275
                         DIFFINBUF (Prop_DIFFINBUF_HPIOBDIFFINBUF_DIFF_IN_P_O)
                                                      0.613     0.713 r  pll_50MHz_inst/inst/clkin1_ibufds/DIFFINBUF_INST/O
                         net (fo=1, routed)           0.050     0.763    pll_50MHz_inst/inst/clkin1_ibufds/OUT
    G30                  IBUFCTRL (Prop_IBUFCTRL_HPIOB_M_I_O)
                                                      0.000     0.763 r  pll_50MHz_inst/inst/clkin1_ibufds/IBUFCTRL_INST/O
                         net (fo=1, routed)           0.390     1.153    pll_50MHz_inst/inst/clk_in1_clk_wiz_0
    PLL_X0Y23            PLLE4_ADV (Prop_PLL_CLKIN_CLKOUT0)
                                                      0.033     1.186 r  pll_50MHz_inst/inst/plle4_adv_inst/CLKOUT0
                         net (fo=1, routed)           0.272     1.458    pll_50MHz_inst/inst/clk_out1_clk_wiz_0
    BUFGCE_X0Y287        BUFGCE (Prop_BUFCE_BUFGCE_I_O)
                                                      0.028     1.486 r  pll_50MHz_inst/inst/clkout1_buf/O
    X5Y8 (CLOCK_ROOT)    net (fo=2802, routed)        2.522     4.008    w_clk_50MHz
    SLICE_X123Y511       FDRE                                         r  r_rst_cnt_reg[9]/C
  -------------------------------------------------------------------    -------------------
    SLICE_X123Y511       FDRE (Prop_BFF_SLICEL_C_Q)
                                                      0.079     4.087 f  r_rst_cnt_reg[9]/Q
                         net (fo=2, routed)           0.149     4.236    u_cpu_core/u_cpu3/r_rst_cnt_reg[9]
    SLICE_X123Y512       LUT4 (Prop_G6LUT_SLICEL_I0_O)
                                                      0.123     4.359 f  u_cpu_core/u_cpu3/state[1]_i_10/O
                         net (fo=1, routed)           0.163     4.522    u_cpu_core/u_cpu3/state[1]_i_10_n_0
    SLICE_X123Y509       LUT5 (Prop_G6LUT_SLICEL_I4_O)
                                                      0.123     4.645 f  u_cpu_core/u_cpu3/state[1]_i_7/O
                         net (fo=1, routed)           0.044     4.689    u_cpu_core/u_cpu3/state[1]_i_7_n_0
    SLICE_X123Y509       LUT6 (Prop_H6LUT_SLICEL_I5_O)
                                                      0.051     4.740 f  u_cpu_core/u_cpu3/state[1]_i_3__0/O
                         net (fo=1007, routed)        1.297     6.037    u_cpu_core/w_sys_rst
    SLICE_X146Y537       FDCE                                         f  u_cpu_core/buf_to_1_reg[5]/CLR
  -------------------------------------------------------------------    -------------------

                         (clock clk_out1_clk_wiz_0 rise edge)
                                                     20.000    20.000 r  
    G30                                               0.000    20.000 r  USER_SI570_CLOCK_P (IN)
                         net (fo=0)                   0.079    20.079    pll_50MHz_inst/inst/clkin1_ibufds/I
    HPIOBDIFFINBUF_X0Y275
                         DIFFINBUF (Prop_DIFFINBUF_HPIOBDIFFINBUF_DIFF_IN_P_O)
                                                      0.503    20.582 r  pll_50MHz_inst/inst/clkin1_ibufds/DIFFINBUF_INST/O
                         net (fo=1, routed)           0.040    20.622    pll_50MHz_inst/inst/clkin1_ibufds/OUT
    G30                  IBUFCTRL (Prop_IBUFCTRL_HPIOB_M_I_O)
                                                      0.000    20.622 r  pll_50MHz_inst/inst/clkin1_ibufds/IBUFCTRL_INST/O
                         net (fo=1, routed)           0.339    20.961    pll_50MHz_inst/inst/clk_in1_clk_wiz_0
    PLL_X0Y23            PLLE4_ADV (Prop_PLL_CLKIN_CLKOUT0)
                                                      0.430    21.391 r  pll_50MHz_inst/inst/plle4_adv_inst/CLKOUT0
                         net (fo=1, routed)           0.233    21.624    pll_50MHz_inst/inst/clk_out1_clk_wiz_0
    BUFGCE_X0Y287        BUFGCE (Prop_BUFCE_BUFGCE_I_O)
                                                      0.024    21.648 r  pll_50MHz_inst/inst/clkout1_buf/O
    X5Y8 (CLOCK_ROOT)    net (fo=2802, routed)        2.118    23.766    u_cpu_core/clk_out1
    SLICE_X146Y537       FDCE                                         r  u_cpu_core/buf_to_1_reg[5]/C
                         clock pessimism              0.017    23.783    
                         clock uncertainty           -0.071    23.712    
    SLICE_X146Y537       FDCE (Recov_GFF_SLICEM_C_CLR)
                                                     -0.066    23.646    u_cpu_core/buf_to_1_reg[5]
  -------------------------------------------------------------------
                         required time                         23.646    
                         arrival time                          -6.037    
  -------------------------------------------------------------------
                         slack                                 17.609    

Slack (MET) :             17.609ns  (required time - arrival time)
  Source:                 r_rst_cnt_reg[9]/C
                            (rising edge-triggered cell FDRE clocked by clk_out1_clk_wiz_0  {rise@0.000ns fall@10.000ns period=20.000ns})
  Destination:            u_cpu_core/buf_to_1_reg[6]/CLR
                            (recovery check against rising-edge clock clk_out1_clk_wiz_0  {rise@0.000ns fall@10.000ns period=20.000ns})
  Path Group:             **async_default**
  Path Type:              Recovery (Max at Slow Process Corner)
  Requirement:            20.000ns  (clk_out1_clk_wiz_0 rise@20.000ns - clk_out1_clk_wiz_0 rise@0.000ns)
  Data Path Delay:        2.030ns  (logic 0.376ns (18.526%)  route 1.654ns (81.474%))
  Logic Levels:           3  (LUT4=1 LUT5=1 LUT6=1)
  Clock Path Skew:        -0.224ns (DCD - SCD + CPR)
    Destination Clock Delay (DCD):    3.766ns = ( 23.766 - 20.000 ) 
    Source Clock Delay      (SCD):    4.008ns
    Clock Pessimism Removal (CPR):    0.017ns
  Clock Uncertainty:      0.071ns  ((TSJ^2 + DJ^2)^1/2) / 2 + PE
    Total System Jitter     (TSJ):    0.071ns
    Discrete Jitter          (DJ):    0.123ns
    Phase Error              (PE):    0.000ns
  Clock Net Delay (Source):      2.522ns (routing 1.510ns, distribution 1.012ns)
  Clock Net Delay (Destination): 2.118ns (routing 1.368ns, distribution 0.750ns)

    Location             Delay type                Incr(ns)  Path(ns)    Netlist Resource(s)
  -------------------------------------------------------------------    -------------------
                         (clock clk_out1_clk_wiz_0 rise edge)
                                                      0.000     0.000 r  
    G30                                               0.000     0.000 r  USER_SI570_CLOCK_P (IN)
                         net (fo=0)                   0.100     0.100    pll_50MHz_inst/inst/clkin1_ibufds/I
    HPIOBDIFFINBUF_X0Y275
                         DIFFINBUF (Prop_DIFFINBUF_HPIOBDIFFINBUF_DIFF_IN_P_O)
                                                      0.613     0.713 r  pll_50MHz_inst/inst/clkin1_ibufds/DIFFINBUF_INST/O
                         net (fo=1, routed)           0.050     0.763    pll_50MHz_inst/inst/clkin1_ibufds/OUT
    G30                  IBUFCTRL (Prop_IBUFCTRL_HPIOB_M_I_O)
                                                      0.000     0.763 r  pll_50MHz_inst/inst/clkin1_ibufds/IBUFCTRL_INST/O
                         net (fo=1, routed)           0.390     1.153    pll_50MHz_inst/inst/clk_in1_clk_wiz_0
    PLL_X0Y23            PLLE4_ADV (Prop_PLL_CLKIN_CLKOUT0)
                                                      0.033     1.186 r  pll_50MHz_inst/inst/plle4_adv_inst/CLKOUT0
                         net (fo=1, routed)           0.272     1.458    pll_50MHz_inst/inst/clk_out1_clk_wiz_0
    BUFGCE_X0Y287        BUFGCE (Prop_BUFCE_BUFGCE_I_O)
                                                      0.028     1.486 r  pll_50MHz_inst/inst/clkout1_buf/O
    X5Y8 (CLOCK_ROOT)    net (fo=2802, routed)        2.522     4.008    w_clk_50MHz
    SLICE_X123Y511       FDRE                                         r  r_rst_cnt_reg[9]/C
  -------------------------------------------------------------------    -------------------
    SLICE_X123Y511       FDRE (Prop_BFF_SLICEL_C_Q)
                                                      0.079     4.087 f  r_rst_cnt_reg[9]/Q
                         net (fo=2, routed)           0.149     4.236    u_cpu_core/u_cpu3/r_rst_cnt_reg[9]
    SLICE_X123Y512       LUT4 (Prop_G6LUT_SLICEL_I0_O)
                                                      0.123     4.359 f  u_cpu_core/u_cpu3/state[1]_i_10/O
                         net (fo=1, routed)           0.163     4.522    u_cpu_core/u_cpu3/state[1]_i_10_n_0
    SLICE_X123Y509       LUT5 (Prop_G6LUT_SLICEL_I4_O)
                                                      0.123     4.645 f  u_cpu_core/u_cpu3/state[1]_i_7/O
                         net (fo=1, routed)           0.044     4.689    u_cpu_core/u_cpu3/state[1]_i_7_n_0
    SLICE_X123Y509       LUT6 (Prop_H6LUT_SLICEL_I5_O)
                                                      0.051     4.740 f  u_cpu_core/u_cpu3/state[1]_i_3__0/O
                         net (fo=1007, routed)        1.297     6.037    u_cpu_core/w_sys_rst
    SLICE_X146Y537       FDCE                                         f  u_cpu_core/buf_to_1_reg[6]/CLR
  -------------------------------------------------------------------    -------------------

                         (clock clk_out1_clk_wiz_0 rise edge)
                                                     20.000    20.000 r  
    G30                                               0.000    20.000 r  USER_SI570_CLOCK_P (IN)
                         net (fo=0)                   0.079    20.079    pll_50MHz_inst/inst/clkin1_ibufds/I
    HPIOBDIFFINBUF_X0Y275
                         DIFFINBUF (Prop_DIFFINBUF_HPIOBDIFFINBUF_DIFF_IN_P_O)
                                                      0.503    20.582 r  pll_50MHz_inst/inst/clkin1_ibufds/DIFFINBUF_INST/O
                         net (fo=1, routed)           0.040    20.622    pll_50MHz_inst/inst/clkin1_ibufds/OUT
    G30                  IBUFCTRL (Prop_IBUFCTRL_HPIOB_M_I_O)
                                                      0.000    20.622 r  pll_50MHz_inst/inst/clkin1_ibufds/IBUFCTRL_INST/O
                         net (fo=1, routed)           0.339    20.961    pll_50MHz_inst/inst/clk_in1_clk_wiz_0
    PLL_X0Y23            PLLE4_ADV (Prop_PLL_CLKIN_CLKOUT0)
                                                      0.430    21.391 r  pll_50MHz_inst/inst/plle4_adv_inst/CLKOUT0
                         net (fo=1, routed)           0.233    21.624    pll_50MHz_inst/inst/clk_out1_clk_wiz_0
    BUFGCE_X0Y287        BUFGCE (Prop_BUFCE_BUFGCE_I_O)
                                                      0.024    21.648 r  pll_50MHz_inst/inst/clkout1_buf/O
    X5Y8 (CLOCK_ROOT)    net (fo=2802, routed)        2.118    23.766    u_cpu_core/clk_out1
    SLICE_X146Y537       FDCE                                         r  u_cpu_core/buf_to_1_reg[6]/C
                         clock pessimism              0.017    23.783    
                         clock uncertainty           -0.071    23.712    
    SLICE_X146Y537       FDCE (Recov_GFF2_SLICEM_C_CLR)
                                                     -0.066    23.646    u_cpu_core/buf_to_1_reg[6]
  -------------------------------------------------------------------
                         required time                         23.646    
                         arrival time                          -6.037    
  -------------------------------------------------------------------
                         slack                                 17.609    

Slack (MET) :             17.632ns  (required time - arrival time)
  Source:                 r_rst_cnt_reg[9]/C
                            (rising edge-triggered cell FDRE clocked by clk_out1_clk_wiz_0  {rise@0.000ns fall@10.000ns period=20.000ns})
  Destination:            u_cpu_core/mem_ready1_r_reg/CLR
                            (recovery check against rising-edge clock clk_out1_clk_wiz_0  {rise@0.000ns fall@10.000ns period=20.000ns})
  Path Group:             **async_default**
  Path Type:              Recovery (Max at Slow Process Corner)
  Requirement:            20.000ns  (clk_out1_clk_wiz_0 rise@20.000ns - clk_out1_clk_wiz_0 rise@0.000ns)
  Data Path Delay:        2.082ns  (logic 0.376ns (18.056%)  route 1.706ns (81.944%))
  Logic Levels:           3  (LUT4=1 LUT5=1 LUT6=1)
  Clock Path Skew:        -0.148ns (DCD - SCD + CPR)
    Destination Clock Delay (DCD):    3.880ns = ( 23.880 - 20.000 ) 
    Source Clock Delay      (SCD):    4.008ns
    Clock Pessimism Removal (CPR):    -0.020ns
  Clock Uncertainty:      0.071ns  ((TSJ^2 + DJ^2)^1/2) / 2 + PE
    Total System Jitter     (TSJ):    0.071ns
    Discrete Jitter          (DJ):    0.123ns
    Phase Error              (PE):    0.000ns
  Clock Net Delay (Source):      2.522ns (routing 1.510ns, distribution 1.012ns)
  Clock Net Delay (Destination): 2.232ns (routing 1.368ns, distribution 0.864ns)

    Location             Delay type                Incr(ns)  Path(ns)    Netlist Resource(s)
  -------------------------------------------------------------------    -------------------
                         (clock clk_out1_clk_wiz_0 rise edge)
                                                      0.000     0.000 r  
    G30                                               0.000     0.000 r  USER_SI570_CLOCK_P (IN)
                         net (fo=0)                   0.100     0.100    pll_50MHz_inst/inst/clkin1_ibufds/I
    HPIOBDIFFINBUF_X0Y275
                         DIFFINBUF (Prop_DIFFINBUF_HPIOBDIFFINBUF_DIFF_IN_P_O)
                                                      0.613     0.713 r  pll_50MHz_inst/inst/clkin1_ibufds/DIFFINBUF_INST/O
                         net (fo=1, routed)           0.050     0.763    pll_50MHz_inst/inst/clkin1_ibufds/OUT
    G30                  IBUFCTRL (Prop_IBUFCTRL_HPIOB_M_I_O)
                                                      0.000     0.763 r  pll_50MHz_inst/inst/clkin1_ibufds/IBUFCTRL_INST/O
                         net (fo=1, routed)           0.390     1.153    pll_50MHz_inst/inst/clk_in1_clk_wiz_0
    PLL_X0Y23            PLLE4_ADV (Prop_PLL_CLKIN_CLKOUT0)
                                                      0.033     1.186 r  pll_50MHz_inst/inst/plle4_adv_inst/CLKOUT0
                         net (fo=1, routed)           0.272     1.458    pll_50MHz_inst/inst/clk_out1_clk_wiz_0
    BUFGCE_X0Y287        BUFGCE (Prop_BUFCE_BUFGCE_I_O)
                                                      0.028     1.486 r  pll_50MHz_inst/inst/clkout1_buf/O
    X5Y8 (CLOCK_ROOT)    net (fo=2802, routed)        2.522     4.008    w_clk_50MHz
    SLICE_X123Y511       FDRE                                         r  r_rst_cnt_reg[9]/C
  -------------------------------------------------------------------    -------------------
    SLICE_X123Y511       FDRE (Prop_BFF_SLICEL_C_Q)
                                                      0.079     4.087 f  r_rst_cnt_reg[9]/Q
                         net (fo=2, routed)           0.149     4.236    u_cpu_core/u_cpu3/r_rst_cnt_reg[9]
    SLICE_X123Y512       LUT4 (Prop_G6LUT_SLICEL_I0_O)
                                                      0.123     4.359 f  u_cpu_core/u_cpu3/state[1]_i_10/O
                         net (fo=1, routed)           0.163     4.522    u_cpu_core/u_cpu3/state[1]_i_10_n_0
    SLICE_X123Y509       LUT5 (Prop_G6LUT_SLICEL_I4_O)
                                                      0.123     4.645 f  u_cpu_core/u_cpu3/state[1]_i_7/O
                         net (fo=1, routed)           0.044     4.689    u_cpu_core/u_cpu3/state[1]_i_7_n_0
    SLICE_X123Y509       LUT6 (Prop_H6LUT_SLICEL_I5_O)
                                                      0.051     4.740 f  u_cpu_core/u_cpu3/state[1]_i_3__0/O
                         net (fo=1007, routed)        1.350     6.090    u_cpu_core/w_sys_rst
    SLICE_X144Y549       FDCE                                         f  u_cpu_core/mem_ready1_r_reg/CLR
  -------------------------------------------------------------------    -------------------

                         (clock clk_out1_clk_wiz_0 rise edge)
                                                     20.000    20.000 r  
    G30                                               0.000    20.000 r  USER_SI570_CLOCK_P (IN)
                         net (fo=0)                   0.079    20.079    pll_50MHz_inst/inst/clkin1_ibufds/I
    HPIOBDIFFINBUF_X0Y275
                         DIFFINBUF (Prop_DIFFINBUF_HPIOBDIFFINBUF_DIFF_IN_P_O)
                                                      0.503    20.582 r  pll_50MHz_inst/inst/clkin1_ibufds/DIFFINBUF_INST/O
                         net (fo=1, routed)           0.040    20.622    pll_50MHz_inst/inst/clkin1_ibufds/OUT
    G30                  IBUFCTRL (Prop_IBUFCTRL_HPIOB_M_I_O)
                                                      0.000    20.622 r  pll_50MHz_inst/inst/clkin1_ibufds/IBUFCTRL_INST/O
                         net (fo=1, routed)           0.339    20.961    pll_50MHz_inst/inst/clk_in1_clk_wiz_0
    PLL_X0Y23            PLLE4_ADV (Prop_PLL_CLKIN_CLKOUT0)
                                                      0.430    21.391 r  pll_50MHz_inst/inst/plle4_adv_inst/CLKOUT0
                         net (fo=1, routed)           0.233    21.624    pll_50MHz_inst/inst/clk_out1_clk_wiz_0
    BUFGCE_X0Y287        BUFGCE (Prop_BUFCE_BUFGCE_I_O)
                                                      0.024    21.648 r  pll_50MHz_inst/inst/clkout1_buf/O
    X5Y8 (CLOCK_ROOT)    net (fo=2802, routed)        2.232    23.880    u_cpu_core/clk_out1
    SLICE_X144Y549       FDCE                                         r  u_cpu_core/mem_ready1_r_reg/C
                         clock pessimism             -0.020    23.859    
                         clock uncertainty           -0.071    23.788    
    SLICE_X144Y549       FDCE (Recov_EFF_SLICEL_C_CLR)
                                                     -0.066    23.722    u_cpu_core/mem_ready1_r_reg
  -------------------------------------------------------------------
                         required time                         23.722    
                         arrival time                          -6.090    
  -------------------------------------------------------------------
                         slack                                 17.632    

Slack (MET) :             17.651ns  (required time - arrival time)
  Source:                 r_rst_cnt_reg[9]/C
                            (rising edge-triggered cell FDRE clocked by clk_out1_clk_wiz_0  {rise@0.000ns fall@10.000ns period=20.000ns})
  Destination:            u_cpu_core/local_rdata1_reg[1]/CLR
                            (recovery check against rising-edge clock clk_out1_clk_wiz_0  {rise@0.000ns fall@10.000ns period=20.000ns})
  Path Group:             **async_default**
  Path Type:              Recovery (Max at Slow Process Corner)
  Requirement:            20.000ns  (clk_out1_clk_wiz_0 rise@20.000ns - clk_out1_clk_wiz_0 rise@0.000ns)
  Data Path Delay:        1.989ns  (logic 0.376ns (18.907%)  route 1.613ns (81.093%))
  Logic Levels:           3  (LUT4=1 LUT5=1 LUT6=1)
  Clock Path Skew:        -0.223ns (DCD - SCD + CPR)
    Destination Clock Delay (DCD):    3.767ns = ( 23.767 - 20.000 ) 
    Source Clock Delay      (SCD):    4.008ns
    Clock Pessimism Removal (CPR):    0.017ns
  Clock Uncertainty:      0.071ns  ((TSJ^2 + DJ^2)^1/2) / 2 + PE
    Total System Jitter     (TSJ):    0.071ns
    Discrete Jitter          (DJ):    0.123ns
    Phase Error              (PE):    0.000ns
  Clock Net Delay (Source):      2.522ns (routing 1.510ns, distribution 1.012ns)
  Clock Net Delay (Destination): 2.119ns (routing 1.368ns, distribution 0.751ns)

    Location             Delay type                Incr(ns)  Path(ns)    Netlist Resource(s)
  -------------------------------------------------------------------    -------------------
                         (clock clk_out1_clk_wiz_0 rise edge)
                                                      0.000     0.000 r  
    G30                                               0.000     0.000 r  USER_SI570_CLOCK_P (IN)
                         net (fo=0)                   0.100     0.100    pll_50MHz_inst/inst/clkin1_ibufds/I
    HPIOBDIFFINBUF_X0Y275
                         DIFFINBUF (Prop_DIFFINBUF_HPIOBDIFFINBUF_DIFF_IN_P_O)
                                                      0.613     0.713 r  pll_50MHz_inst/inst/clkin1_ibufds/DIFFINBUF_INST/O
                         net (fo=1, routed)           0.050     0.763    pll_50MHz_inst/inst/clkin1_ibufds/OUT
    G30                  IBUFCTRL (Prop_IBUFCTRL_HPIOB_M_I_O)
                                                      0.000     0.763 r  pll_50MHz_inst/inst/clkin1_ibufds/IBUFCTRL_INST/O
                         net (fo=1, routed)           0.390     1.153    pll_50MHz_inst/inst/clk_in1_clk_wiz_0
    PLL_X0Y23            PLLE4_ADV (Prop_PLL_CLKIN_CLKOUT0)
                                                      0.033     1.186 r  pll_50MHz_inst/inst/plle4_adv_inst/CLKOUT0
                         net (fo=1, routed)           0.272     1.458    pll_50MHz_inst/inst/clk_out1_clk_wiz_0
    BUFGCE_X0Y287        BUFGCE (Prop_BUFCE_BUFGCE_I_O)
                                                      0.028     1.486 r  pll_50MHz_inst/inst/clkout1_buf/O
    X5Y8 (CLOCK_ROOT)    net (fo=2802, routed)        2.522     4.008    w_clk_50MHz
    SLICE_X123Y511       FDRE                                         r  r_rst_cnt_reg[9]/C
  -------------------------------------------------------------------    -------------------
    SLICE_X123Y511       FDRE (Prop_BFF_SLICEL_C_Q)
                                                      0.079     4.087 f  r_rst_cnt_reg[9]/Q
                         net (fo=2, routed)           0.149     4.236    u_cpu_core/u_cpu3/r_rst_cnt_reg[9]
    SLICE_X123Y512       LUT4 (Prop_G6LUT_SLICEL_I0_O)
                                                      0.123     4.359 f  u_cpu_core/u_cpu3/state[1]_i_10/O
                         net (fo=1, routed)           0.163     4.522    u_cpu_core/u_cpu3/state[1]_i_10_n_0
    SLICE_X123Y509       LUT5 (Prop_G6LUT_SLICEL_I4_O)
                                                      0.123     4.645 f  u_cpu_core/u_cpu3/state[1]_i_7/O
                         net (fo=1, routed)           0.044     4.689    u_cpu_core/u_cpu3/state[1]_i_7_n_0
    SLICE_X123Y509       LUT6 (Prop_H6LUT_SLICEL_I5_O)
                                                      0.051     4.740 f  u_cpu_core/u_cpu3/state[1]_i_3__0/O
                         net (fo=1007, routed)        1.256     5.996    u_cpu_core/w_sys_rst
    SLICE_X146Y538       FDCE                                         f  u_cpu_core/local_rdata1_reg[1]/CLR
  -------------------------------------------------------------------    -------------------

                         (clock clk_out1_clk_wiz_0 rise edge)
                                                     20.000    20.000 r  
    G30                                               0.000    20.000 r  USER_SI570_CLOCK_P (IN)
                         net (fo=0)                   0.079    20.079    pll_50MHz_inst/inst/clkin1_ibufds/I
    HPIOBDIFFINBUF_X0Y275
                         DIFFINBUF (Prop_DIFFINBUF_HPIOBDIFFINBUF_DIFF_IN_P_O)
                                                      0.503    20.582 r  pll_50MHz_inst/inst/clkin1_ibufds/DIFFINBUF_INST/O
                         net (fo=1, routed)           0.040    20.622    pll_50MHz_inst/inst/clkin1_ibufds/OUT
    G30                  IBUFCTRL (Prop_IBUFCTRL_HPIOB_M_I_O)
                                                      0.000    20.622 r  pll_50MHz_inst/inst/clkin1_ibufds/IBUFCTRL_INST/O
                         net (fo=1, routed)           0.339    20.961    pll_50MHz_inst/inst/clk_in1_clk_wiz_0
    PLL_X0Y23            PLLE4_ADV (Prop_PLL_CLKIN_CLKOUT0)
                                                      0.430    21.391 r  pll_50MHz_inst/inst/plle4_adv_inst/CLKOUT0
                         net (fo=1, routed)           0.233    21.624    pll_50MHz_inst/inst/clk_out1_clk_wiz_0
    BUFGCE_X0Y287        BUFGCE (Prop_BUFCE_BUFGCE_I_O)
                                                      0.024    21.648 r  pll_50MHz_inst/inst/clkout1_buf/O
    X5Y8 (CLOCK_ROOT)    net (fo=2802, routed)        2.119    23.767    u_cpu_core/clk_out1
    SLICE_X146Y538       FDCE                                         r  u_cpu_core/local_rdata1_reg[1]/C
                         clock pessimism              0.017    23.784    
                         clock uncertainty           -0.071    23.713    
    SLICE_X146Y538       FDCE (Recov_DFF_SLICEM_C_CLR)
                                                     -0.066    23.647    u_cpu_core/local_rdata1_reg[1]
  -------------------------------------------------------------------
                         required time                         23.647    
                         arrival time                          -5.996    
  -------------------------------------------------------------------
                         slack                                 17.651    

Slack (MET) :             17.651ns  (required time - arrival time)
  Source:                 r_rst_cnt_reg[9]/C
                            (rising edge-triggered cell FDRE clocked by clk_out1_clk_wiz_0  {rise@0.000ns fall@10.000ns period=20.000ns})
  Destination:            u_cpu_core/local_rdata1_reg[2]/CLR
                            (recovery check against rising-edge clock clk_out1_clk_wiz_0  {rise@0.000ns fall@10.000ns period=20.000ns})
  Path Group:             **async_default**
  Path Type:              Recovery (Max at Slow Process Corner)
  Requirement:            20.000ns  (clk_out1_clk_wiz_0 rise@20.000ns - clk_out1_clk_wiz_0 rise@0.000ns)
  Data Path Delay:        1.989ns  (logic 0.376ns (18.907%)  route 1.613ns (81.093%))
  Logic Levels:           3  (LUT4=1 LUT5=1 LUT6=1)
  Clock Path Skew:        -0.223ns (DCD - SCD + CPR)
    Destination Clock Delay (DCD):    3.767ns = ( 23.767 - 20.000 ) 
    Source Clock Delay      (SCD):    4.008ns
    Clock Pessimism Removal (CPR):    0.017ns
  Clock Uncertainty:      0.071ns  ((TSJ^2 + DJ^2)^1/2) / 2 + PE
    Total System Jitter     (TSJ):    0.071ns
    Discrete Jitter          (DJ):    0.123ns
    Phase Error              (PE):    0.000ns
  Clock Net Delay (Source):      2.522ns (routing 1.510ns, distribution 1.012ns)
  Clock Net Delay (Destination): 2.119ns (routing 1.368ns, distribution 0.751ns)

    Location             Delay type                Incr(ns)  Path(ns)    Netlist Resource(s)
  -------------------------------------------------------------------    -------------------
                         (clock clk_out1_clk_wiz_0 rise edge)
                                                      0.000     0.000 r  
    G30                                               0.000     0.000 r  USER_SI570_CLOCK_P (IN)
                         net (fo=0)                   0.100     0.100    pll_50MHz_inst/inst/clkin1_ibufds/I
    HPIOBDIFFINBUF_X0Y275
                         DIFFINBUF (Prop_DIFFINBUF_HPIOBDIFFINBUF_DIFF_IN_P_O)
                                                      0.613     0.713 r  pll_50MHz_inst/inst/clkin1_ibufds/DIFFINBUF_INST/O
                         net (fo=1, routed)           0.050     0.763    pll_50MHz_inst/inst/clkin1_ibufds/OUT
    G30                  IBUFCTRL (Prop_IBUFCTRL_HPIOB_M_I_O)
                                                      0.000     0.763 r  pll_50MHz_inst/inst/clkin1_ibufds/IBUFCTRL_INST/O
                         net (fo=1, routed)           0.390     1.153    pll_50MHz_inst/inst/clk_in1_clk_wiz_0
    PLL_X0Y23            PLLE4_ADV (Prop_PLL_CLKIN_CLKOUT0)
                                                      0.033     1.186 r  pll_50MHz_inst/inst/plle4_adv_inst/CLKOUT0
                         net (fo=1, routed)           0.272     1.458    pll_50MHz_inst/inst/clk_out1_clk_wiz_0
    BUFGCE_X0Y287        BUFGCE (Prop_BUFCE_BUFGCE_I_O)
                                                      0.028     1.486 r  pll_50MHz_inst/inst/clkout1_buf/O
    X5Y8 (CLOCK_ROOT)    net (fo=2802, routed)        2.522     4.008    w_clk_50MHz
    SLICE_X123Y511       FDRE                                         r  r_rst_cnt_reg[9]/C
  -------------------------------------------------------------------    -------------------
    SLICE_X123Y511       FDRE (Prop_BFF_SLICEL_C_Q)
                                                      0.079     4.087 f  r_rst_cnt_reg[9]/Q
                         net (fo=2, routed)           0.149     4.236    u_cpu_core/u_cpu3/r_rst_cnt_reg[9]
    SLICE_X123Y512       LUT4 (Prop_G6LUT_SLICEL_I0_O)
                                                      0.123     4.359 f  u_cpu_core/u_cpu3/state[1]_i_10/O
                         net (fo=1, routed)           0.163     4.522    u_cpu_core/u_cpu3/state[1]_i_10_n_0
    SLICE_X123Y509       LUT5 (Prop_G6LUT_SLICEL_I4_O)
                                                      0.123     4.645 f  u_cpu_core/u_cpu3/state[1]_i_7/O
                         net (fo=1, routed)           0.044     4.689    u_cpu_core/u_cpu3/state[1]_i_7_n_0
    SLICE_X123Y509       LUT6 (Prop_H6LUT_SLICEL_I5_O)
                                                      0.051     4.740 f  u_cpu_core/u_cpu3/state[1]_i_3__0/O
                         net (fo=1007, routed)        1.256     5.996    u_cpu_core/w_sys_rst
    SLICE_X146Y538       FDCE                                         f  u_cpu_core/local_rdata1_reg[2]/CLR
  -------------------------------------------------------------------    -------------------

                         (clock clk_out1_clk_wiz_0 rise edge)
                                                     20.000    20.000 r  
    G30                                               0.000    20.000 r  USER_SI570_CLOCK_P (IN)
                         net (fo=0)                   0.079    20.079    pll_50MHz_inst/inst/clkin1_ibufds/I
    HPIOBDIFFINBUF_X0Y275
                         DIFFINBUF (Prop_DIFFINBUF_HPIOBDIFFINBUF_DIFF_IN_P_O)
                                                      0.503    20.582 r  pll_50MHz_inst/inst/clkin1_ibufds/DIFFINBUF_INST/O
                         net (fo=1, routed)           0.040    20.622    pll_50MHz_inst/inst/clkin1_ibufds/OUT
    G30                  IBUFCTRL (Prop_IBUFCTRL_HPIOB_M_I_O)
                                                      0.000    20.622 r  pll_50MHz_inst/inst/clkin1_ibufds/IBUFCTRL_INST/O
                         net (fo=1, routed)           0.339    20.961    pll_50MHz_inst/inst/clk_in1_clk_wiz_0
    PLL_X0Y23            PLLE4_ADV (Prop_PLL_CLKIN_CLKOUT0)
                                                      0.430    21.391 r  pll_50MHz_inst/inst/plle4_adv_inst/CLKOUT0
                         net (fo=1, routed)           0.233    21.624    pll_50MHz_inst/inst/clk_out1_clk_wiz_0
    BUFGCE_X0Y287        BUFGCE (Prop_BUFCE_BUFGCE_I_O)
                                                      0.024    21.648 r  pll_50MHz_inst/inst/clkout1_buf/O
    X5Y8 (CLOCK_ROOT)    net (fo=2802, routed)        2.119    23.767    u_cpu_core/clk_out1
    SLICE_X146Y538       FDCE                                         r  u_cpu_core/local_rdata1_reg[2]/C
                         clock pessimism              0.017    23.784    
                         clock uncertainty           -0.071    23.713    
    SLICE_X146Y538       FDCE (Recov_DFF2_SLICEM_C_CLR)
                                                     -0.066    23.647    u_cpu_core/local_rdata1_reg[2]
  -------------------------------------------------------------------
                         required time                         23.647    
                         arrival time                          -5.996    
  -------------------------------------------------------------------
                         slack                                 17.651    





Min Delay Paths
--------------------------------------------------------------------------------------
Slack (MET) :             0.338ns  (arrival time - required time)
  Source:                 r_rst_cnt_reg[3]/C
                            (rising edge-triggered cell FDRE clocked by clk_out1_clk_wiz_0  {rise@0.000ns fall@10.000ns period=20.000ns})
  Destination:            u_cpu_core/u_mmio/rx_data_r_reg[1]/CLR
                            (removal check against rising-edge clock clk_out1_clk_wiz_0  {rise@0.000ns fall@10.000ns period=20.000ns})
  Path Group:             **async_default**
  Path Type:              Removal (Min at Fast Process Corner)
  Requirement:            0.000ns  (clk_out1_clk_wiz_0 rise@0.000ns - clk_out1_clk_wiz_0 rise@0.000ns)
  Data Path Delay:        0.370ns  (logic 0.054ns (14.596%)  route 0.316ns (85.404%))
  Logic Levels:           1  (LUT6=1)
  Clock Path Skew:        0.052ns (DCD - SCD - CPR)
    Destination Clock Delay (DCD):    2.385ns
    Source Clock Delay      (SCD):    2.210ns
    Clock Pessimism Removal (CPR):    0.122ns
  Clock Net Delay (Source):      1.387ns (routing 0.826ns, distribution 0.561ns)
  Clock Net Delay (Destination): 1.555ns (routing 0.915ns, distribution 0.640ns)

    Location             Delay type                Incr(ns)  Path(ns)    Netlist Resource(s)
  -------------------------------------------------------------------    -------------------
                         (clock clk_out1_clk_wiz_0 rise edge)
                                                      0.000     0.000 r  
    G30                                               0.000     0.000 r  USER_SI570_CLOCK_P (IN)
                         net (fo=0)                   0.079     0.079    pll_50MHz_inst/inst/clkin1_ibufds/I
    HPIOBDIFFINBUF_X0Y275
                         DIFFINBUF (Prop_DIFFINBUF_HPIOBDIFFINBUF_DIFF_IN_P_O)
                                                      0.279     0.358 r  pll_50MHz_inst/inst/clkin1_ibufds/DIFFINBUF_INST/O
                         net (fo=1, routed)           0.040     0.398    pll_50MHz_inst/inst/clkin1_ibufds/OUT
    G30                  IBUFCTRL (Prop_IBUFCTRL_HPIOB_M_I_O)
                                                      0.000     0.398 r  pll_50MHz_inst/inst/clkin1_ibufds/IBUFCTRL_INST/O
                         net (fo=1, routed)           0.199     0.597    pll_50MHz_inst/inst/clk_in1_clk_wiz_0
    PLL_X0Y23            PLLE4_ADV (Prop_PLL_CLKIN_CLKOUT0)
                                                      0.050     0.647 r  pll_50MHz_inst/inst/plle4_adv_inst/CLKOUT0
                         net (fo=1, routed)           0.160     0.807    pll_50MHz_inst/inst/clk_out1_clk_wiz_0
    BUFGCE_X0Y287        BUFGCE (Prop_BUFCE_BUFGCE_I_O)
                                                      0.017     0.824 r  pll_50MHz_inst/inst/clkout1_buf/O
    X5Y8 (CLOCK_ROOT)    net (fo=2802, routed)        1.387     2.210    w_clk_50MHz
    SLICE_X123Y510       FDRE                                         r  r_rst_cnt_reg[3]/C
  -------------------------------------------------------------------    -------------------
    SLICE_X123Y510       FDRE (Prop_DFF_SLICEL_C_Q)
                                                      0.039     2.249 f  r_rst_cnt_reg[3]/Q
                         net (fo=2, routed)           0.063     2.312    u_cpu_core/u_cpu3/r_rst_cnt_reg[3]
    SLICE_X123Y509       LUT6 (Prop_H6LUT_SLICEL_I2_O)
                                                      0.015     2.327 f  u_cpu_core/u_cpu3/state[1]_i_3__0/O
                         net (fo=1007, routed)        0.253     2.580    u_cpu_core/u_mmio/rx_valid_reg_1
    SLICE_X127Y495       FDCE                                         f  u_cpu_core/u_mmio/rx_data_r_reg[1]/CLR
  -------------------------------------------------------------------    -------------------

                         (clock clk_out1_clk_wiz_0 rise edge)
                                                      0.000     0.000 r  
    G30                                               0.000     0.000 r  USER_SI570_CLOCK_P (IN)
                         net (fo=0)                   0.100     0.100    pll_50MHz_inst/inst/clkin1_ibufds/I
    HPIOBDIFFINBUF_X0Y275
                         DIFFINBUF (Prop_DIFFINBUF_HPIOBDIFFINBUF_DIFF_IN_P_O)
                                                      0.384     0.484 r  pll_50MHz_inst/inst/clkin1_ibufds/DIFFINBUF_INST/O
                         net (fo=1, routed)           0.050     0.534    pll_50MHz_inst/inst/clkin1_ibufds/OUT
    G30                  IBUFCTRL (Prop_IBUFCTRL_HPIOB_M_I_O)
                                                      0.000     0.534 r  pll_50MHz_inst/inst/clkin1_ibufds/IBUFCTRL_INST/O
                         net (fo=1, routed)           0.225     0.759    pll_50MHz_inst/inst/clk_in1_clk_wiz_0
    PLL_X0Y23            PLLE4_ADV (Prop_PLL_CLKIN_CLKOUT0)
                                                     -0.130     0.629 r  pll_50MHz_inst/inst/plle4_adv_inst/CLKOUT0
                         net (fo=1, routed)           0.182     0.811    pll_50MHz_inst/inst/clk_out1_clk_wiz_0
    BUFGCE_X0Y287        BUFGCE (Prop_BUFCE_BUFGCE_I_O)
                                                      0.019     0.830 r  pll_50MHz_inst/inst/clkout1_buf/O
    X5Y8 (CLOCK_ROOT)    net (fo=2802, routed)        1.555     2.385    u_cpu_core/u_mmio/clk_out1
    SLICE_X127Y495       FDCE                                         r  u_cpu_core/u_mmio/rx_data_r_reg[1]/C
                         clock pessimism             -0.122     2.262    
    SLICE_X127Y495       FDCE (Remov_EFF_SLICEL_C_CLR)
                                                     -0.020     2.242    u_cpu_core/u_mmio/rx_data_r_reg[1]
  -------------------------------------------------------------------
                         required time                         -2.242    
                         arrival time                           2.580    
  -------------------------------------------------------------------
                         slack                                  0.338    

Slack (MET) :             0.338ns  (arrival time - required time)
  Source:                 r_rst_cnt_reg[3]/C
                            (rising edge-triggered cell FDRE clocked by clk_out1_clk_wiz_0  {rise@0.000ns fall@10.000ns period=20.000ns})
  Destination:            u_cpu_core/u_mmio/rx_data_r_reg[2]/CLR
                            (removal check against rising-edge clock clk_out1_clk_wiz_0  {rise@0.000ns fall@10.000ns period=20.000ns})
  Path Group:             **async_default**
  Path Type:              Removal (Min at Fast Process Corner)
  Requirement:            0.000ns  (clk_out1_clk_wiz_0 rise@0.000ns - clk_out1_clk_wiz_0 rise@0.000ns)
  Data Path Delay:        0.370ns  (logic 0.054ns (14.596%)  route 0.316ns (85.404%))
  Logic Levels:           1  (LUT6=1)
  Clock Path Skew:        0.052ns (DCD - SCD - CPR)
    Destination Clock Delay (DCD):    2.385ns
    Source Clock Delay      (SCD):    2.210ns
    Clock Pessimism Removal (CPR):    0.122ns
  Clock Net Delay (Source):      1.387ns (routing 0.826ns, distribution 0.561ns)
  Clock Net Delay (Destination): 1.555ns (routing 0.915ns, distribution 0.640ns)

    Location             Delay type                Incr(ns)  Path(ns)    Netlist Resource(s)
  -------------------------------------------------------------------    -------------------
                         (clock clk_out1_clk_wiz_0 rise edge)
                                                      0.000     0.000 r  
    G30                                               0.000     0.000 r  USER_SI570_CLOCK_P (IN)
                         net (fo=0)                   0.079     0.079    pll_50MHz_inst/inst/clkin1_ibufds/I
    HPIOBDIFFINBUF_X0Y275
                         DIFFINBUF (Prop_DIFFINBUF_HPIOBDIFFINBUF_DIFF_IN_P_O)
                                                      0.279     0.358 r  pll_50MHz_inst/inst/clkin1_ibufds/DIFFINBUF_INST/O
                         net (fo=1, routed)           0.040     0.398    pll_50MHz_inst/inst/clkin1_ibufds/OUT
    G30                  IBUFCTRL (Prop_IBUFCTRL_HPIOB_M_I_O)
                                                      0.000     0.398 r  pll_50MHz_inst/inst/clkin1_ibufds/IBUFCTRL_INST/O
                         net (fo=1, routed)           0.199     0.597    pll_50MHz_inst/inst/clk_in1_clk_wiz_0
    PLL_X0Y23            PLLE4_ADV (Prop_PLL_CLKIN_CLKOUT0)
                                                      0.050     0.647 r  pll_50MHz_inst/inst/plle4_adv_inst/CLKOUT0
                         net (fo=1, routed)           0.160     0.807    pll_50MHz_inst/inst/clk_out1_clk_wiz_0
    BUFGCE_X0Y287        BUFGCE (Prop_BUFCE_BUFGCE_I_O)
                                                      0.017     0.824 r  pll_50MHz_inst/inst/clkout1_buf/O
    X5Y8 (CLOCK_ROOT)    net (fo=2802, routed)        1.387     2.210    w_clk_50MHz
    SLICE_X123Y510       FDRE                                         r  r_rst_cnt_reg[3]/C
  -------------------------------------------------------------------    -------------------
    SLICE_X123Y510       FDRE (Prop_DFF_SLICEL_C_Q)
                                                      0.039     2.249 f  r_rst_cnt_reg[3]/Q
                         net (fo=2, routed)           0.063     2.312    u_cpu_core/u_cpu3/r_rst_cnt_reg[3]
    SLICE_X123Y509       LUT6 (Prop_H6LUT_SLICEL_I2_O)
                                                      0.015     2.327 f  u_cpu_core/u_cpu3/state[1]_i_3__0/O
                         net (fo=1007, routed)        0.253     2.580    u_cpu_core/u_mmio/rx_valid_reg_1
    SLICE_X127Y495       FDCE                                         f  u_cpu_core/u_mmio/rx_data_r_reg[2]/CLR
  -------------------------------------------------------------------    -------------------

                         (clock clk_out1_clk_wiz_0 rise edge)
                                                      0.000     0.000 r  
    G30                                               0.000     0.000 r  USER_SI570_CLOCK_P (IN)
                         net (fo=0)                   0.100     0.100    pll_50MHz_inst/inst/clkin1_ibufds/I
    HPIOBDIFFINBUF_X0Y275
                         DIFFINBUF (Prop_DIFFINBUF_HPIOBDIFFINBUF_DIFF_IN_P_O)
                                                      0.384     0.484 r  pll_50MHz_inst/inst/clkin1_ibufds/DIFFINBUF_INST/O
                         net (fo=1, routed)           0.050     0.534    pll_50MHz_inst/inst/clkin1_ibufds/OUT
    G30                  IBUFCTRL (Prop_IBUFCTRL_HPIOB_M_I_O)
                                                      0.000     0.534 r  pll_50MHz_inst/inst/clkin1_ibufds/IBUFCTRL_INST/O
                         net (fo=1, routed)           0.225     0.759    pll_50MHz_inst/inst/clk_in1_clk_wiz_0
    PLL_X0Y23            PLLE4_ADV (Prop_PLL_CLKIN_CLKOUT0)
                                                     -0.130     0.629 r  pll_50MHz_inst/inst/plle4_adv_inst/CLKOUT0
                         net (fo=1, routed)           0.182     0.811    pll_50MHz_inst/inst/clk_out1_clk_wiz_0
    BUFGCE_X0Y287        BUFGCE (Prop_BUFCE_BUFGCE_I_O)
                                                      0.019     0.830 r  pll_50MHz_inst/inst/clkout1_buf/O
    X5Y8 (CLOCK_ROOT)    net (fo=2802, routed)        1.555     2.385    u_cpu_core/u_mmio/clk_out1
    SLICE_X127Y495       FDCE                                         r  u_cpu_core/u_mmio/rx_data_r_reg[2]/C
                         clock pessimism             -0.122     2.262    
    SLICE_X127Y495       FDCE (Remov_EFF2_SLICEL_C_CLR)
                                                     -0.020     2.242    u_cpu_core/u_mmio/rx_data_r_reg[2]
  -------------------------------------------------------------------
                         required time                         -2.242    
                         arrival time                           2.580    
  -------------------------------------------------------------------
                         slack                                  0.338    

Slack (MET) :             0.338ns  (arrival time - required time)
  Source:                 r_rst_cnt_reg[3]/C
                            (rising edge-triggered cell FDRE clocked by clk_out1_clk_wiz_0  {rise@0.000ns fall@10.000ns period=20.000ns})
  Destination:            u_cpu_core/u_mmio/rx_data_r_reg[3]/CLR
                            (removal check against rising-edge clock clk_out1_clk_wiz_0  {rise@0.000ns fall@10.000ns period=20.000ns})
  Path Group:             **async_default**
  Path Type:              Removal (Min at Fast Process Corner)
  Requirement:            0.000ns  (clk_out1_clk_wiz_0 rise@0.000ns - clk_out1_clk_wiz_0 rise@0.000ns)
  Data Path Delay:        0.370ns  (logic 0.054ns (14.596%)  route 0.316ns (85.404%))
  Logic Levels:           1  (LUT6=1)
  Clock Path Skew:        0.052ns (DCD - SCD - CPR)
    Destination Clock Delay (DCD):    2.385ns
    Source Clock Delay      (SCD):    2.210ns
    Clock Pessimism Removal (CPR):    0.122ns
  Clock Net Delay (Source):      1.387ns (routing 0.826ns, distribution 0.561ns)
  Clock Net Delay (Destination): 1.555ns (routing 0.915ns, distribution 0.640ns)

    Location             Delay type                Incr(ns)  Path(ns)    Netlist Resource(s)
  -------------------------------------------------------------------    -------------------
                         (clock clk_out1_clk_wiz_0 rise edge)
                                                      0.000     0.000 r  
    G30                                               0.000     0.000 r  USER_SI570_CLOCK_P (IN)
                         net (fo=0)                   0.079     0.079    pll_50MHz_inst/inst/clkin1_ibufds/I
    HPIOBDIFFINBUF_X0Y275
                         DIFFINBUF (Prop_DIFFINBUF_HPIOBDIFFINBUF_DIFF_IN_P_O)
                                                      0.279     0.358 r  pll_50MHz_inst/inst/clkin1_ibufds/DIFFINBUF_INST/O
                         net (fo=1, routed)           0.040     0.398    pll_50MHz_inst/inst/clkin1_ibufds/OUT
    G30                  IBUFCTRL (Prop_IBUFCTRL_HPIOB_M_I_O)
                                                      0.000     0.398 r  pll_50MHz_inst/inst/clkin1_ibufds/IBUFCTRL_INST/O
                         net (fo=1, routed)           0.199     0.597    pll_50MHz_inst/inst/clk_in1_clk_wiz_0
    PLL_X0Y23            PLLE4_ADV (Prop_PLL_CLKIN_CLKOUT0)
                                                      0.050     0.647 r  pll_50MHz_inst/inst/plle4_adv_inst/CLKOUT0
                         net (fo=1, routed)           0.160     0.807    pll_50MHz_inst/inst/clk_out1_clk_wiz_0
    BUFGCE_X0Y287        BUFGCE (Prop_BUFCE_BUFGCE_I_O)
                                                      0.017     0.824 r  pll_50MHz_inst/inst/clkout1_buf/O
    X5Y8 (CLOCK_ROOT)    net (fo=2802, routed)        1.387     2.210    w_clk_50MHz
    SLICE_X123Y510       FDRE                                         r  r_rst_cnt_reg[3]/C
  -------------------------------------------------------------------    -------------------
    SLICE_X123Y510       FDRE (Prop_DFF_SLICEL_C_Q)
                                                      0.039     2.249 f  r_rst_cnt_reg[3]/Q
                         net (fo=2, routed)           0.063     2.312    u_cpu_core/u_cpu3/r_rst_cnt_reg[3]
    SLICE_X123Y509       LUT6 (Prop_H6LUT_SLICEL_I2_O)
                                                      0.015     2.327 f  u_cpu_core/u_cpu3/state[1]_i_3__0/O
                         net (fo=1007, routed)        0.253     2.580    u_cpu_core/u_mmio/rx_valid_reg_1
    SLICE_X127Y495       FDCE                                         f  u_cpu_core/u_mmio/rx_data_r_reg[3]/CLR
  -------------------------------------------------------------------    -------------------

                         (clock clk_out1_clk_wiz_0 rise edge)
                                                      0.000     0.000 r  
    G30                                               0.000     0.000 r  USER_SI570_CLOCK_P (IN)
                         net (fo=0)                   0.100     0.100    pll_50MHz_inst/inst/clkin1_ibufds/I
    HPIOBDIFFINBUF_X0Y275
                         DIFFINBUF (Prop_DIFFINBUF_HPIOBDIFFINBUF_DIFF_IN_P_O)
                                                      0.384     0.484 r  pll_50MHz_inst/inst/clkin1_ibufds/DIFFINBUF_INST/O
                         net (fo=1, routed)           0.050     0.534    pll_50MHz_inst/inst/clkin1_ibufds/OUT
    G30                  IBUFCTRL (Prop_IBUFCTRL_HPIOB_M_I_O)
                                                      0.000     0.534 r  pll_50MHz_inst/inst/clkin1_ibufds/IBUFCTRL_INST/O
                         net (fo=1, routed)           0.225     0.759    pll_50MHz_inst/inst/clk_in1_clk_wiz_0
    PLL_X0Y23            PLLE4_ADV (Prop_PLL_CLKIN_CLKOUT0)
                                                     -0.130     0.629 r  pll_50MHz_inst/inst/plle4_adv_inst/CLKOUT0
                         net (fo=1, routed)           0.182     0.811    pll_50MHz_inst/inst/clk_out1_clk_wiz_0
    BUFGCE_X0Y287        BUFGCE (Prop_BUFCE_BUFGCE_I_O)
                                                      0.019     0.830 r  pll_50MHz_inst/inst/clkout1_buf/O
    X5Y8 (CLOCK_ROOT)    net (fo=2802, routed)        1.555     2.385    u_cpu_core/u_mmio/clk_out1
    SLICE_X127Y495       FDCE                                         r  u_cpu_core/u_mmio/rx_data_r_reg[3]/C
                         clock pessimism             -0.122     2.262    
    SLICE_X127Y495       FDCE (Remov_FFF_SLICEL_C_CLR)
                                                     -0.020     2.242    u_cpu_core/u_mmio/rx_data_r_reg[3]
  -------------------------------------------------------------------
                         required time                         -2.242    
                         arrival time                           2.580    
  -------------------------------------------------------------------
                         slack                                  0.338    

Slack (MET) :             0.338ns  (arrival time - required time)
  Source:                 r_rst_cnt_reg[3]/C
                            (rising edge-triggered cell FDRE clocked by clk_out1_clk_wiz_0  {rise@0.000ns fall@10.000ns period=20.000ns})
  Destination:            u_cpu_core/u_mmio/rx_data_r_reg[6]/CLR
                            (removal check against rising-edge clock clk_out1_clk_wiz_0  {rise@0.000ns fall@10.000ns period=20.000ns})
  Path Group:             **async_default**
  Path Type:              Removal (Min at Fast Process Corner)
  Requirement:            0.000ns  (clk_out1_clk_wiz_0 rise@0.000ns - clk_out1_clk_wiz_0 rise@0.000ns)
  Data Path Delay:        0.370ns  (logic 0.054ns (14.596%)  route 0.316ns (85.404%))
  Logic Levels:           1  (LUT6=1)
  Clock Path Skew:        0.052ns (DCD - SCD - CPR)
    Destination Clock Delay (DCD):    2.385ns
    Source Clock Delay      (SCD):    2.210ns
    Clock Pessimism Removal (CPR):    0.122ns
  Clock Net Delay (Source):      1.387ns (routing 0.826ns, distribution 0.561ns)
  Clock Net Delay (Destination): 1.555ns (routing 0.915ns, distribution 0.640ns)

    Location             Delay type                Incr(ns)  Path(ns)    Netlist Resource(s)
  -------------------------------------------------------------------    -------------------
                         (clock clk_out1_clk_wiz_0 rise edge)
                                                      0.000     0.000 r  
    G30                                               0.000     0.000 r  USER_SI570_CLOCK_P (IN)
                         net (fo=0)                   0.079     0.079    pll_50MHz_inst/inst/clkin1_ibufds/I
    HPIOBDIFFINBUF_X0Y275
                         DIFFINBUF (Prop_DIFFINBUF_HPIOBDIFFINBUF_DIFF_IN_P_O)
                                                      0.279     0.358 r  pll_50MHz_inst/inst/clkin1_ibufds/DIFFINBUF_INST/O
                         net (fo=1, routed)           0.040     0.398    pll_50MHz_inst/inst/clkin1_ibufds/OUT
    G30                  IBUFCTRL (Prop_IBUFCTRL_HPIOB_M_I_O)
                                                      0.000     0.398 r  pll_50MHz_inst/inst/clkin1_ibufds/IBUFCTRL_INST/O
                         net (fo=1, routed)           0.199     0.597    pll_50MHz_inst/inst/clk_in1_clk_wiz_0
    PLL_X0Y23            PLLE4_ADV (Prop_PLL_CLKIN_CLKOUT0)
                                                      0.050     0.647 r  pll_50MHz_inst/inst/plle4_adv_inst/CLKOUT0
                         net (fo=1, routed)           0.160     0.807    pll_50MHz_inst/inst/clk_out1_clk_wiz_0
    BUFGCE_X0Y287        BUFGCE (Prop_BUFCE_BUFGCE_I_O)
                                                      0.017     0.824 r  pll_50MHz_inst/inst/clkout1_buf/O
    X5Y8 (CLOCK_ROOT)    net (fo=2802, routed)        1.387     2.210    w_clk_50MHz
    SLICE_X123Y510       FDRE                                         r  r_rst_cnt_reg[3]/C
  -------------------------------------------------------------------    -------------------
    SLICE_X123Y510       FDRE (Prop_DFF_SLICEL_C_Q)
                                                      0.039     2.249 f  r_rst_cnt_reg[3]/Q
                         net (fo=2, routed)           0.063     2.312    u_cpu_core/u_cpu3/r_rst_cnt_reg[3]
    SLICE_X123Y509       LUT6 (Prop_H6LUT_SLICEL_I2_O)
                                                      0.015     2.327 f  u_cpu_core/u_cpu3/state[1]_i_3__0/O
                         net (fo=1007, routed)        0.253     2.580    u_cpu_core/u_mmio/rx_valid_reg_1
    SLICE_X127Y495       FDCE                                         f  u_cpu_core/u_mmio/rx_data_r_reg[6]/CLR
  -------------------------------------------------------------------    -------------------

                         (clock clk_out1_clk_wiz_0 rise edge)
                                                      0.000     0.000 r  
    G30                                               0.000     0.000 r  USER_SI570_CLOCK_P (IN)
                         net (fo=0)                   0.100     0.100    pll_50MHz_inst/inst/clkin1_ibufds/I
    HPIOBDIFFINBUF_X0Y275
                         DIFFINBUF (Prop_DIFFINBUF_HPIOBDIFFINBUF_DIFF_IN_P_O)
                                                      0.384     0.484 r  pll_50MHz_inst/inst/clkin1_ibufds/DIFFINBUF_INST/O
                         net (fo=1, routed)           0.050     0.534    pll_50MHz_inst/inst/clkin1_ibufds/OUT
    G30                  IBUFCTRL (Prop_IBUFCTRL_HPIOB_M_I_O)
                                                      0.000     0.534 r  pll_50MHz_inst/inst/clkin1_ibufds/IBUFCTRL_INST/O
                         net (fo=1, routed)           0.225     0.759    pll_50MHz_inst/inst/clk_in1_clk_wiz_0
    PLL_X0Y23            PLLE4_ADV (Prop_PLL_CLKIN_CLKOUT0)
                                                     -0.130     0.629 r  pll_50MHz_inst/inst/plle4_adv_inst/CLKOUT0
                         net (fo=1, routed)           0.182     0.811    pll_50MHz_inst/inst/clk_out1_clk_wiz_0
    BUFGCE_X0Y287        BUFGCE (Prop_BUFCE_BUFGCE_I_O)
                                                      0.019     0.830 r  pll_50MHz_inst/inst/clkout1_buf/O
    X5Y8 (CLOCK_ROOT)    net (fo=2802, routed)        1.555     2.385    u_cpu_core/u_mmio/clk_out1
    SLICE_X127Y495       FDCE                                         r  u_cpu_core/u_mmio/rx_data_r_reg[6]/C
                         clock pessimism             -0.122     2.262    
    SLICE_X127Y495       FDCE (Remov_FFF2_SLICEL_C_CLR)
                                                     -0.020     2.242    u_cpu_core/u_mmio/rx_data_r_reg[6]
  -------------------------------------------------------------------
                         required time                         -2.242    
                         arrival time                           2.580    
  -------------------------------------------------------------------
                         slack                                  0.338    

Slack (MET) :             0.338ns  (arrival time - required time)
  Source:                 r_rst_cnt_reg[3]/C
                            (rising edge-triggered cell FDRE clocked by clk_out1_clk_wiz_0  {rise@0.000ns fall@10.000ns period=20.000ns})
  Destination:            u_cpu_core/u_mmio/rx_data_r_reg[7]/CLR
                            (removal check against rising-edge clock clk_out1_clk_wiz_0  {rise@0.000ns fall@10.000ns period=20.000ns})
  Path Group:             **async_default**
  Path Type:              Removal (Min at Fast Process Corner)
  Requirement:            0.000ns  (clk_out1_clk_wiz_0 rise@0.000ns - clk_out1_clk_wiz_0 rise@0.000ns)
  Data Path Delay:        0.370ns  (logic 0.054ns (14.596%)  route 0.316ns (85.404%))
  Logic Levels:           1  (LUT6=1)
  Clock Path Skew:        0.052ns (DCD - SCD - CPR)
    Destination Clock Delay (DCD):    2.385ns
    Source Clock Delay      (SCD):    2.210ns
    Clock Pessimism Removal (CPR):    0.122ns
  Clock Net Delay (Source):      1.387ns (routing 0.826ns, distribution 0.561ns)
  Clock Net Delay (Destination): 1.555ns (routing 0.915ns, distribution 0.640ns)

    Location             Delay type                Incr(ns)  Path(ns)    Netlist Resource(s)
  -------------------------------------------------------------------    -------------------
                         (clock clk_out1_clk_wiz_0 rise edge)
                                                      0.000     0.000 r  
    G30                                               0.000     0.000 r  USER_SI570_CLOCK_P (IN)
                         net (fo=0)                   0.079     0.079    pll_50MHz_inst/inst/clkin1_ibufds/I
    HPIOBDIFFINBUF_X0Y275
                         DIFFINBUF (Prop_DIFFINBUF_HPIOBDIFFINBUF_DIFF_IN_P_O)
                                                      0.279     0.358 r  pll_50MHz_inst/inst/clkin1_ibufds/DIFFINBUF_INST/O
                         net (fo=1, routed)           0.040     0.398    pll_50MHz_inst/inst/clkin1_ibufds/OUT
    G30                  IBUFCTRL (Prop_IBUFCTRL_HPIOB_M_I_O)
                                                      0.000     0.398 r  pll_50MHz_inst/inst/clkin1_ibufds/IBUFCTRL_INST/O
                         net (fo=1, routed)           0.199     0.597    pll_50MHz_inst/inst/clk_in1_clk_wiz_0
    PLL_X0Y23            PLLE4_ADV (Prop_PLL_CLKIN_CLKOUT0)
                                                      0.050     0.647 r  pll_50MHz_inst/inst/plle4_adv_inst/CLKOUT0
                         net (fo=1, routed)           0.160     0.807    pll_50MHz_inst/inst/clk_out1_clk_wiz_0
    BUFGCE_X0Y287        BUFGCE (Prop_BUFCE_BUFGCE_I_O)
                                                      0.017     0.824 r  pll_50MHz_inst/inst/clkout1_buf/O
    X5Y8 (CLOCK_ROOT)    net (fo=2802, routed)        1.387     2.210    w_clk_50MHz
    SLICE_X123Y510       FDRE                                         r  r_rst_cnt_reg[3]/C
  -------------------------------------------------------------------    -------------------
    SLICE_X123Y510       FDRE (Prop_DFF_SLICEL_C_Q)
                                                      0.039     2.249 f  r_rst_cnt_reg[3]/Q
                         net (fo=2, routed)           0.063     2.312    u_cpu_core/u_cpu3/r_rst_cnt_reg[3]
    SLICE_X123Y509       LUT6 (Prop_H6LUT_SLICEL_I2_O)
                                                      0.015     2.327 f  u_cpu_core/u_cpu3/state[1]_i_3__0/O
                         net (fo=1007, routed)        0.253     2.580    u_cpu_core/u_mmio/rx_valid_reg_1
    SLICE_X127Y495       FDCE                                         f  u_cpu_core/u_mmio/rx_data_r_reg[7]/CLR
  -------------------------------------------------------------------    -------------------

                         (clock clk_out1_clk_wiz_0 rise edge)
                                                      0.000     0.000 r  
    G30                                               0.000     0.000 r  USER_SI570_CLOCK_P (IN)
                         net (fo=0)                   0.100     0.100    pll_50MHz_inst/inst/clkin1_ibufds/I
    HPIOBDIFFINBUF_X0Y275
                         DIFFINBUF (Prop_DIFFINBUF_HPIOBDIFFINBUF_DIFF_IN_P_O)
                                                      0.384     0.484 r  pll_50MHz_inst/inst/clkin1_ibufds/DIFFINBUF_INST/O
                         net (fo=1, routed)           0.050     0.534    pll_50MHz_inst/inst/clkin1_ibufds/OUT
    G30                  IBUFCTRL (Prop_IBUFCTRL_HPIOB_M_I_O)
                                                      0.000     0.534 r  pll_50MHz_inst/inst/clkin1_ibufds/IBUFCTRL_INST/O
                         net (fo=1, routed)           0.225     0.759    pll_50MHz_inst/inst/clk_in1_clk_wiz_0
    PLL_X0Y23            PLLE4_ADV (Prop_PLL_CLKIN_CLKOUT0)
                                                     -0.130     0.629 r  pll_50MHz_inst/inst/plle4_adv_inst/CLKOUT0
                         net (fo=1, routed)           0.182     0.811    pll_50MHz_inst/inst/clk_out1_clk_wiz_0
    BUFGCE_X0Y287        BUFGCE (Prop_BUFCE_BUFGCE_I_O)
                                                      0.019     0.830 r  pll_50MHz_inst/inst/clkout1_buf/O
    X5Y8 (CLOCK_ROOT)    net (fo=2802, routed)        1.555     2.385    u_cpu_core/u_mmio/clk_out1
    SLICE_X127Y495       FDCE                                         r  u_cpu_core/u_mmio/rx_data_r_reg[7]/C
                         clock pessimism             -0.122     2.262    
    SLICE_X127Y495       FDCE (Remov_GFF_SLICEL_C_CLR)
                                                     -0.020     2.242    u_cpu_core/u_mmio/rx_data_r_reg[7]
  -------------------------------------------------------------------
                         required time                         -2.242    
                         arrival time                           2.580    
  -------------------------------------------------------------------
                         slack                                  0.338    

Slack (MET) :             0.338ns  (arrival time - required time)
  Source:                 r_rst_cnt_reg[3]/C
                            (rising edge-triggered cell FDRE clocked by clk_out1_clk_wiz_0  {rise@0.000ns fall@10.000ns period=20.000ns})
  Destination:            u_cpu_core/buf_to_3_reg[16]/CLR
                            (removal check against rising-edge clock clk_out1_clk_wiz_0  {rise@0.000ns fall@10.000ns period=20.000ns})
  Path Group:             **async_default**
  Path Type:              Removal (Min at Fast Process Corner)
  Requirement:            0.000ns  (clk_out1_clk_wiz_0 rise@0.000ns - clk_out1_clk_wiz_0 rise@0.000ns)
  Data Path Delay:        0.355ns  (logic 0.054ns (15.207%)  route 0.301ns (84.793%))
  Logic Levels:           1  (LUT6=1)
  Clock Path Skew:        0.037ns (DCD - SCD - CPR)
    Destination Clock Delay (DCD):    2.370ns
    Source Clock Delay      (SCD):    2.210ns
    Clock Pessimism Removal (CPR):    0.122ns
  Clock Net Delay (Source):      1.387ns (routing 0.826ns, distribution 0.561ns)
  Clock Net Delay (Destination): 1.540ns (routing 0.915ns, distribution 0.625ns)

    Location             Delay type                Incr(ns)  Path(ns)    Netlist Resource(s)
  -------------------------------------------------------------------    -------------------
                         (clock clk_out1_clk_wiz_0 rise edge)
                                                      0.000     0.000 r  
    G30                                               0.000     0.000 r  USER_SI570_CLOCK_P (IN)
                         net (fo=0)                   0.079     0.079    pll_50MHz_inst/inst/clkin1_ibufds/I
    HPIOBDIFFINBUF_X0Y275
                         DIFFINBUF (Prop_DIFFINBUF_HPIOBDIFFINBUF_DIFF_IN_P_O)
                                                      0.279     0.358 r  pll_50MHz_inst/inst/clkin1_ibufds/DIFFINBUF_INST/O
                         net (fo=1, routed)           0.040     0.398    pll_50MHz_inst/inst/clkin1_ibufds/OUT
    G30                  IBUFCTRL (Prop_IBUFCTRL_HPIOB_M_I_O)
                                                      0.000     0.398 r  pll_50MHz_inst/inst/clkin1_ibufds/IBUFCTRL_INST/O
                         net (fo=1, routed)           0.199     0.597    pll_50MHz_inst/inst/clk_in1_clk_wiz_0
    PLL_X0Y23            PLLE4_ADV (Prop_PLL_CLKIN_CLKOUT0)
                                                      0.050     0.647 r  pll_50MHz_inst/inst/plle4_adv_inst/CLKOUT0
                         net (fo=1, routed)           0.160     0.807    pll_50MHz_inst/inst/clk_out1_clk_wiz_0
    BUFGCE_X0Y287        BUFGCE (Prop_BUFCE_BUFGCE_I_O)
                                                      0.017     0.824 r  pll_50MHz_inst/inst/clkout1_buf/O
    X5Y8 (CLOCK_ROOT)    net (fo=2802, routed)        1.387     2.210    w_clk_50MHz
    SLICE_X123Y510       FDRE                                         r  r_rst_cnt_reg[3]/C
  -------------------------------------------------------------------    -------------------
    SLICE_X123Y510       FDRE (Prop_DFF_SLICEL_C_Q)
                                                      0.039     2.249 f  r_rst_cnt_reg[3]/Q
                         net (fo=2, routed)           0.063     2.312    u_cpu_core/u_cpu3/r_rst_cnt_reg[3]
    SLICE_X123Y509       LUT6 (Prop_H6LUT_SLICEL_I2_O)
                                                      0.015     2.327 f  u_cpu_core/u_cpu3/state[1]_i_3__0/O
                         net (fo=1007, routed)        0.238     2.565    u_cpu_core/w_sys_rst
    SLICE_X128Y511       FDCE                                         f  u_cpu_core/buf_to_3_reg[16]/CLR
  -------------------------------------------------------------------    -------------------

                         (clock clk_out1_clk_wiz_0 rise edge)
                                                      0.000     0.000 r  
    G30                                               0.000     0.000 r  USER_SI570_CLOCK_P (IN)
                         net (fo=0)                   0.100     0.100    pll_50MHz_inst/inst/clkin1_ibufds/I
    HPIOBDIFFINBUF_X0Y275
                         DIFFINBUF (Prop_DIFFINBUF_HPIOBDIFFINBUF_DIFF_IN_P_O)
                                                      0.384     0.484 r  pll_50MHz_inst/inst/clkin1_ibufds/DIFFINBUF_INST/O
                         net (fo=1, routed)           0.050     0.534    pll_50MHz_inst/inst/clkin1_ibufds/OUT
    G30                  IBUFCTRL (Prop_IBUFCTRL_HPIOB_M_I_O)
                                                      0.000     0.534 r  pll_50MHz_inst/inst/clkin1_ibufds/IBUFCTRL_INST/O
                         net (fo=1, routed)           0.225     0.759    pll_50MHz_inst/inst/clk_in1_clk_wiz_0
    PLL_X0Y23            PLLE4_ADV (Prop_PLL_CLKIN_CLKOUT0)
                                                     -0.130     0.629 r  pll_50MHz_inst/inst/plle4_adv_inst/CLKOUT0
                         net (fo=1, routed)           0.182     0.811    pll_50MHz_inst/inst/clk_out1_clk_wiz_0
    BUFGCE_X0Y287        BUFGCE (Prop_BUFCE_BUFGCE_I_O)
                                                      0.019     0.830 r  pll_50MHz_inst/inst/clkout1_buf/O
    X5Y8 (CLOCK_ROOT)    net (fo=2802, routed)        1.540     2.370    u_cpu_core/clk_out1
    SLICE_X128Y511       FDCE                                         r  u_cpu_core/buf_to_3_reg[16]/C
                         clock pessimism             -0.122     2.247    
    SLICE_X128Y511       FDCE (Remov_EFF_SLICEM_C_CLR)
                                                     -0.020     2.227    u_cpu_core/buf_to_3_reg[16]
  -------------------------------------------------------------------
                         required time                         -2.227    
                         arrival time                           2.565    
  -------------------------------------------------------------------
                         slack                                  0.338    

Slack (MET) :             0.338ns  (arrival time - required time)
  Source:                 r_rst_cnt_reg[3]/C
                            (rising edge-triggered cell FDRE clocked by clk_out1_clk_wiz_0  {rise@0.000ns fall@10.000ns period=20.000ns})
  Destination:            u_cpu_core/buf_to_3_reg[17]/CLR
                            (removal check against rising-edge clock clk_out1_clk_wiz_0  {rise@0.000ns fall@10.000ns period=20.000ns})
  Path Group:             **async_default**
  Path Type:              Removal (Min at Fast Process Corner)
  Requirement:            0.000ns  (clk_out1_clk_wiz_0 rise@0.000ns - clk_out1_clk_wiz_0 rise@0.000ns)
  Data Path Delay:        0.355ns  (logic 0.054ns (15.207%)  route 0.301ns (84.793%))
  Logic Levels:           1  (LUT6=1)
  Clock Path Skew:        0.037ns (DCD - SCD - CPR)
    Destination Clock Delay (DCD):    2.370ns
    Source Clock Delay      (SCD):    2.210ns
    Clock Pessimism Removal (CPR):    0.122ns
  Clock Net Delay (Source):      1.387ns (routing 0.826ns, distribution 0.561ns)
  Clock Net Delay (Destination): 1.540ns (routing 0.915ns, distribution 0.625ns)

    Location             Delay type                Incr(ns)  Path(ns)    Netlist Resource(s)
  -------------------------------------------------------------------    -------------------
                         (clock clk_out1_clk_wiz_0 rise edge)
                                                      0.000     0.000 r  
    G30                                               0.000     0.000 r  USER_SI570_CLOCK_P (IN)
                         net (fo=0)                   0.079     0.079    pll_50MHz_inst/inst/clkin1_ibufds/I
    HPIOBDIFFINBUF_X0Y275
                         DIFFINBUF (Prop_DIFFINBUF_HPIOBDIFFINBUF_DIFF_IN_P_O)
                                                      0.279     0.358 r  pll_50MHz_inst/inst/clkin1_ibufds/DIFFINBUF_INST/O
                         net (fo=1, routed)           0.040     0.398    pll_50MHz_inst/inst/clkin1_ibufds/OUT
    G30                  IBUFCTRL (Prop_IBUFCTRL_HPIOB_M_I_O)
                                                      0.000     0.398 r  pll_50MHz_inst/inst/clkin1_ibufds/IBUFCTRL_INST/O
                         net (fo=1, routed)           0.199     0.597    pll_50MHz_inst/inst/clk_in1_clk_wiz_0
    PLL_X0Y23            PLLE4_ADV (Prop_PLL_CLKIN_CLKOUT0)
                                                      0.050     0.647 r  pll_50MHz_inst/inst/plle4_adv_inst/CLKOUT0
                         net (fo=1, routed)           0.160     0.807    pll_50MHz_inst/inst/clk_out1_clk_wiz_0
    BUFGCE_X0Y287        BUFGCE (Prop_BUFCE_BUFGCE_I_O)
                                                      0.017     0.824 r  pll_50MHz_inst/inst/clkout1_buf/O
    X5Y8 (CLOCK_ROOT)    net (fo=2802, routed)        1.387     2.210    w_clk_50MHz
    SLICE_X123Y510       FDRE                                         r  r_rst_cnt_reg[3]/C
  -------------------------------------------------------------------    -------------------
    SLICE_X123Y510       FDRE (Prop_DFF_SLICEL_C_Q)
                                                      0.039     2.249 f  r_rst_cnt_reg[3]/Q
                         net (fo=2, routed)           0.063     2.312    u_cpu_core/u_cpu3/r_rst_cnt_reg[3]
    SLICE_X123Y509       LUT6 (Prop_H6LUT_SLICEL_I2_O)
                                                      0.015     2.327 f  u_cpu_core/u_cpu3/state[1]_i_3__0/O
                         net (fo=1007, routed)        0.238     2.565    u_cpu_core/w_sys_rst
    SLICE_X128Y511       FDCE                                         f  u_cpu_core/buf_to_3_reg[17]/CLR
  -------------------------------------------------------------------    -------------------

                         (clock clk_out1_clk_wiz_0 rise edge)
                                                      0.000     0.000 r  
    G30                                               0.000     0.000 r  USER_SI570_CLOCK_P (IN)
                         net (fo=0)                   0.100     0.100    pll_50MHz_inst/inst/clkin1_ibufds/I
    HPIOBDIFFINBUF_X0Y275
                         DIFFINBUF (Prop_DIFFINBUF_HPIOBDIFFINBUF_DIFF_IN_P_O)
                                                      0.384     0.484 r  pll_50MHz_inst/inst/clkin1_ibufds/DIFFINBUF_INST/O
                         net (fo=1, routed)           0.050     0.534    pll_50MHz_inst/inst/clkin1_ibufds/OUT
    G30                  IBUFCTRL (Prop_IBUFCTRL_HPIOB_M_I_O)
                                                      0.000     0.534 r  pll_50MHz_inst/inst/clkin1_ibufds/IBUFCTRL_INST/O
                         net (fo=1, routed)           0.225     0.759    pll_50MHz_inst/inst/clk_in1_clk_wiz_0
    PLL_X0Y23            PLLE4_ADV (Prop_PLL_CLKIN_CLKOUT0)
                                                     -0.130     0.629 r  pll_50MHz_inst/inst/plle4_adv_inst/CLKOUT0
                         net (fo=1, routed)           0.182     0.811    pll_50MHz_inst/inst/clk_out1_clk_wiz_0
    BUFGCE_X0Y287        BUFGCE (Prop_BUFCE_BUFGCE_I_O)
                                                      0.019     0.830 r  pll_50MHz_inst/inst/clkout1_buf/O
    X5Y8 (CLOCK_ROOT)    net (fo=2802, routed)        1.540     2.370    u_cpu_core/clk_out1
    SLICE_X128Y511       FDCE                                         r  u_cpu_core/buf_to_3_reg[17]/C
                         clock pessimism             -0.122     2.247    
    SLICE_X128Y511       FDCE (Remov_EFF2_SLICEM_C_CLR)
                                                     -0.020     2.227    u_cpu_core/buf_to_3_reg[17]
  -------------------------------------------------------------------
                         required time                         -2.227    
                         arrival time                           2.565    
  -------------------------------------------------------------------
                         slack                                  0.338    

Slack (MET) :             0.545ns  (arrival time - required time)
  Source:                 r_rst_cnt_reg[3]/C
                            (rising edge-triggered cell FDRE clocked by clk_out1_clk_wiz_0  {rise@0.000ns fall@10.000ns period=20.000ns})
  Destination:            u_cpu_core/local_rdata1_reg[10]/CLR
                            (removal check against rising-edge clock clk_out1_clk_wiz_0  {rise@0.000ns fall@10.000ns period=20.000ns})
  Path Group:             **async_default**
  Path Type:              Removal (Min at Fast Process Corner)
  Requirement:            0.000ns  (clk_out1_clk_wiz_0 rise@0.000ns - clk_out1_clk_wiz_0 rise@0.000ns)
  Data Path Delay:        0.538ns  (logic 0.054ns (10.036%)  route 0.484ns (89.964%))
  Logic Levels:           1  (LUT6=1)
  Clock Path Skew:        0.013ns (DCD - SCD - CPR)
    Destination Clock Delay (DCD):    2.346ns
    Source Clock Delay      (SCD):    2.210ns
    Clock Pessimism Removal (CPR):    0.123ns
  Clock Net Delay (Source):      1.387ns (routing 0.826ns, distribution 0.561ns)
  Clock Net Delay (Destination): 1.516ns (routing 0.915ns, distribution 0.601ns)

    Location             Delay type                Incr(ns)  Path(ns)    Netlist Resource(s)
  -------------------------------------------------------------------    -------------------
                         (clock clk_out1_clk_wiz_0 rise edge)
                                                      0.000     0.000 r  
    G30                                               0.000     0.000 r  USER_SI570_CLOCK_P (IN)
                         net (fo=0)                   0.079     0.079    pll_50MHz_inst/inst/clkin1_ibufds/I
    HPIOBDIFFINBUF_X0Y275
                         DIFFINBUF (Prop_DIFFINBUF_HPIOBDIFFINBUF_DIFF_IN_P_O)
                                                      0.279     0.358 r  pll_50MHz_inst/inst/clkin1_ibufds/DIFFINBUF_INST/O
                         net (fo=1, routed)           0.040     0.398    pll_50MHz_inst/inst/clkin1_ibufds/OUT
    G30                  IBUFCTRL (Prop_IBUFCTRL_HPIOB_M_I_O)
                                                      0.000     0.398 r  pll_50MHz_inst/inst/clkin1_ibufds/IBUFCTRL_INST/O
                         net (fo=1, routed)           0.199     0.597    pll_50MHz_inst/inst/clk_in1_clk_wiz_0
    PLL_X0Y23            PLLE4_ADV (Prop_PLL_CLKIN_CLKOUT0)
                                                      0.050     0.647 r  pll_50MHz_inst/inst/plle4_adv_inst/CLKOUT0
                         net (fo=1, routed)           0.160     0.807    pll_50MHz_inst/inst/clk_out1_clk_wiz_0
    BUFGCE_X0Y287        BUFGCE (Prop_BUFCE_BUFGCE_I_O)
                                                      0.017     0.824 r  pll_50MHz_inst/inst/clkout1_buf/O
    X5Y8 (CLOCK_ROOT)    net (fo=2802, routed)        1.387     2.210    w_clk_50MHz
    SLICE_X123Y510       FDRE                                         r  r_rst_cnt_reg[3]/C
  -------------------------------------------------------------------    -------------------
    SLICE_X123Y510       FDRE (Prop_DFF_SLICEL_C_Q)
                                                      0.039     2.249 f  r_rst_cnt_reg[3]/Q
                         net (fo=2, routed)           0.063     2.312    u_cpu_core/u_cpu3/r_rst_cnt_reg[3]
    SLICE_X123Y509       LUT6 (Prop_H6LUT_SLICEL_I2_O)
                                                      0.015     2.327 f  u_cpu_core/u_cpu3/state[1]_i_3__0/O
                         net (fo=1007, routed)        0.421     2.748    u_cpu_core/w_sys_rst
    SLICE_X145Y530       FDCE                                         f  u_cpu_core/local_rdata1_reg[10]/CLR
  -------------------------------------------------------------------    -------------------

                         (clock clk_out1_clk_wiz_0 rise edge)
                                                      0.000     0.000 r  
    G30                                               0.000     0.000 r  USER_SI570_CLOCK_P (IN)
                         net (fo=0)                   0.100     0.100    pll_50MHz_inst/inst/clkin1_ibufds/I
    HPIOBDIFFINBUF_X0Y275
                         DIFFINBUF (Prop_DIFFINBUF_HPIOBDIFFINBUF_DIFF_IN_P_O)
                                                      0.384     0.484 r  pll_50MHz_inst/inst/clkin1_ibufds/DIFFINBUF_INST/O
                         net (fo=1, routed)           0.050     0.534    pll_50MHz_inst/inst/clkin1_ibufds/OUT
    G30                  IBUFCTRL (Prop_IBUFCTRL_HPIOB_M_I_O)
                                                      0.000     0.534 r  pll_50MHz_inst/inst/clkin1_ibufds/IBUFCTRL_INST/O
                         net (fo=1, routed)           0.225     0.759    pll_50MHz_inst/inst/clk_in1_clk_wiz_0
    PLL_X0Y23            PLLE4_ADV (Prop_PLL_CLKIN_CLKOUT0)
                                                     -0.130     0.629 r  pll_50MHz_inst/inst/plle4_adv_inst/CLKOUT0
                         net (fo=1, routed)           0.182     0.811    pll_50MHz_inst/inst/clk_out1_clk_wiz_0
    BUFGCE_X0Y287        BUFGCE (Prop_BUFCE_BUFGCE_I_O)
                                                      0.019     0.830 r  pll_50MHz_inst/inst/clkout1_buf/O
    X5Y8 (CLOCK_ROOT)    net (fo=2802, routed)        1.516     2.346    u_cpu_core/clk_out1
    SLICE_X145Y530       FDCE                                         r  u_cpu_core/local_rdata1_reg[10]/C
                         clock pessimism             -0.123     2.223    
    SLICE_X145Y530       FDCE (Remov_DFF_SLICEM_C_CLR)
                                                     -0.020     2.203    u_cpu_core/local_rdata1_reg[10]
  -------------------------------------------------------------------
                         required time                         -2.203    
                         arrival time                           2.748    
  -------------------------------------------------------------------
                         slack                                  0.545    

Slack (MET) :             0.545ns  (arrival time - required time)
  Source:                 r_rst_cnt_reg[3]/C
                            (rising edge-triggered cell FDRE clocked by clk_out1_clk_wiz_0  {rise@0.000ns fall@10.000ns period=20.000ns})
  Destination:            u_cpu_core/local_rdata1_reg[11]/CLR
                            (removal check against rising-edge clock clk_out1_clk_wiz_0  {rise@0.000ns fall@10.000ns period=20.000ns})
  Path Group:             **async_default**
  Path Type:              Removal (Min at Fast Process Corner)
  Requirement:            0.000ns  (clk_out1_clk_wiz_0 rise@0.000ns - clk_out1_clk_wiz_0 rise@0.000ns)
  Data Path Delay:        0.538ns  (logic 0.054ns (10.036%)  route 0.484ns (89.964%))
  Logic Levels:           1  (LUT6=1)
  Clock Path Skew:        0.013ns (DCD - SCD - CPR)
    Destination Clock Delay (DCD):    2.346ns
    Source Clock Delay      (SCD):    2.210ns
    Clock Pessimism Removal (CPR):    0.123ns
  Clock Net Delay (Source):      1.387ns (routing 0.826ns, distribution 0.561ns)
  Clock Net Delay (Destination): 1.516ns (routing 0.915ns, distribution 0.601ns)

    Location             Delay type                Incr(ns)  Path(ns)    Netlist Resource(s)
  -------------------------------------------------------------------    -------------------
                         (clock clk_out1_clk_wiz_0 rise edge)
                                                      0.000     0.000 r  
    G30                                               0.000     0.000 r  USER_SI570_CLOCK_P (IN)
                         net (fo=0)                   0.079     0.079    pll_50MHz_inst/inst/clkin1_ibufds/I
    HPIOBDIFFINBUF_X0Y275
                         DIFFINBUF (Prop_DIFFINBUF_HPIOBDIFFINBUF_DIFF_IN_P_O)
                                                      0.279     0.358 r  pll_50MHz_inst/inst/clkin1_ibufds/DIFFINBUF_INST/O
                         net (fo=1, routed)           0.040     0.398    pll_50MHz_inst/inst/clkin1_ibufds/OUT
    G30                  IBUFCTRL (Prop_IBUFCTRL_HPIOB_M_I_O)
                                                      0.000     0.398 r  pll_50MHz_inst/inst/clkin1_ibufds/IBUFCTRL_INST/O
                         net (fo=1, routed)           0.199     0.597    pll_50MHz_inst/inst/clk_in1_clk_wiz_0
    PLL_X0Y23            PLLE4_ADV (Prop_PLL_CLKIN_CLKOUT0)
                                                      0.050     0.647 r  pll_50MHz_inst/inst/plle4_adv_inst/CLKOUT0
                         net (fo=1, routed)           0.160     0.807    pll_50MHz_inst/inst/clk_out1_clk_wiz_0
    BUFGCE_X0Y287        BUFGCE (Prop_BUFCE_BUFGCE_I_O)
                                                      0.017     0.824 r  pll_50MHz_inst/inst/clkout1_buf/O
    X5Y8 (CLOCK_ROOT)    net (fo=2802, routed)        1.387     2.210    w_clk_50MHz
    SLICE_X123Y510       FDRE                                         r  r_rst_cnt_reg[3]/C
  -------------------------------------------------------------------    -------------------
    SLICE_X123Y510       FDRE (Prop_DFF_SLICEL_C_Q)
                                                      0.039     2.249 f  r_rst_cnt_reg[3]/Q
                         net (fo=2, routed)           0.063     2.312    u_cpu_core/u_cpu3/r_rst_cnt_reg[3]
    SLICE_X123Y509       LUT6 (Prop_H6LUT_SLICEL_I2_O)
                                                      0.015     2.327 f  u_cpu_core/u_cpu3/state[1]_i_3__0/O
                         net (fo=1007, routed)        0.421     2.748    u_cpu_core/w_sys_rst
    SLICE_X145Y530       FDCE                                         f  u_cpu_core/local_rdata1_reg[11]/CLR
  -------------------------------------------------------------------    -------------------

                         (clock clk_out1_clk_wiz_0 rise edge)
                                                      0.000     0.000 r  
    G30                                               0.000     0.000 r  USER_SI570_CLOCK_P (IN)
                         net (fo=0)                   0.100     0.100    pll_50MHz_inst/inst/clkin1_ibufds/I
    HPIOBDIFFINBUF_X0Y275
                         DIFFINBUF (Prop_DIFFINBUF_HPIOBDIFFINBUF_DIFF_IN_P_O)
                                                      0.384     0.484 r  pll_50MHz_inst/inst/clkin1_ibufds/DIFFINBUF_INST/O
                         net (fo=1, routed)           0.050     0.534    pll_50MHz_inst/inst/clkin1_ibufds/OUT
    G30                  IBUFCTRL (Prop_IBUFCTRL_HPIOB_M_I_O)
                                                      0.000     0.534 r  pll_50MHz_inst/inst/clkin1_ibufds/IBUFCTRL_INST/O
                         net (fo=1, routed)           0.225     0.759    pll_50MHz_inst/inst/clk_in1_clk_wiz_0
    PLL_X0Y23            PLLE4_ADV (Prop_PLL_CLKIN_CLKOUT0)
                                                     -0.130     0.629 r  pll_50MHz_inst/inst/plle4_adv_inst/CLKOUT0
                         net (fo=1, routed)           0.182     0.811    pll_50MHz_inst/inst/clk_out1_clk_wiz_0
    BUFGCE_X0Y287        BUFGCE (Prop_BUFCE_BUFGCE_I_O)
                                                      0.019     0.830 r  pll_50MHz_inst/inst/clkout1_buf/O
    X5Y8 (CLOCK_ROOT)    net (fo=2802, routed)        1.516     2.346    u_cpu_core/clk_out1
    SLICE_X145Y530       FDCE                                         r  u_cpu_core/local_rdata1_reg[11]/C
                         clock pessimism             -0.123     2.223    
    SLICE_X145Y530       FDCE (Remov_CFF_SLICEM_C_CLR)
                                                     -0.020     2.203    u_cpu_core/local_rdata1_reg[11]
  -------------------------------------------------------------------
                         required time                         -2.203    
                         arrival time                           2.748    
  -------------------------------------------------------------------
                         slack                                  0.545    

Slack (MET) :             0.545ns  (arrival time - required time)
  Source:                 r_rst_cnt_reg[3]/C
                            (rising edge-triggered cell FDRE clocked by clk_out1_clk_wiz_0  {rise@0.000ns fall@10.000ns period=20.000ns})
  Destination:            u_cpu_core/local_rdata1_reg[12]/CLR
                            (removal check against rising-edge clock clk_out1_clk_wiz_0  {rise@0.000ns fall@10.000ns period=20.000ns})
  Path Group:             **async_default**
  Path Type:              Removal (Min at Fast Process Corner)
  Requirement:            0.000ns  (clk_out1_clk_wiz_0 rise@0.000ns - clk_out1_clk_wiz_0 rise@0.000ns)
  Data Path Delay:        0.538ns  (logic 0.054ns (10.036%)  route 0.484ns (89.964%))
  Logic Levels:           1  (LUT6=1)
  Clock Path Skew:        0.013ns (DCD - SCD - CPR)
    Destination Clock Delay (DCD):    2.346ns
    Source Clock Delay      (SCD):    2.210ns
    Clock Pessimism Removal (CPR):    0.123ns
  Clock Net Delay (Source):      1.387ns (routing 0.826ns, distribution 0.561ns)
  Clock Net Delay (Destination): 1.516ns (routing 0.915ns, distribution 0.601ns)

    Location             Delay type                Incr(ns)  Path(ns)    Netlist Resource(s)
  -------------------------------------------------------------------    -------------------
                         (clock clk_out1_clk_wiz_0 rise edge)
                                                      0.000     0.000 r  
    G30                                               0.000     0.000 r  USER_SI570_CLOCK_P (IN)
                         net (fo=0)                   0.079     0.079    pll_50MHz_inst/inst/clkin1_ibufds/I
    HPIOBDIFFINBUF_X0Y275
                         DIFFINBUF (Prop_DIFFINBUF_HPIOBDIFFINBUF_DIFF_IN_P_O)
                                                      0.279     0.358 r  pll_50MHz_inst/inst/clkin1_ibufds/DIFFINBUF_INST/O
                         net (fo=1, routed)           0.040     0.398    pll_50MHz_inst/inst/clkin1_ibufds/OUT
    G30                  IBUFCTRL (Prop_IBUFCTRL_HPIOB_M_I_O)
                                                      0.000     0.398 r  pll_50MHz_inst/inst/clkin1_ibufds/IBUFCTRL_INST/O
                         net (fo=1, routed)           0.199     0.597    pll_50MHz_inst/inst/clk_in1_clk_wiz_0
    PLL_X0Y23            PLLE4_ADV (Prop_PLL_CLKIN_CLKOUT0)
                                                      0.050     0.647 r  pll_50MHz_inst/inst/plle4_adv_inst/CLKOUT0
                         net (fo=1, routed)           0.160     0.807    pll_50MHz_inst/inst/clk_out1_clk_wiz_0
    BUFGCE_X0Y287        BUFGCE (Prop_BUFCE_BUFGCE_I_O)
                                                      0.017     0.824 r  pll_50MHz_inst/inst/clkout1_buf/O
    X5Y8 (CLOCK_ROOT)    net (fo=2802, routed)        1.387     2.210    w_clk_50MHz
    SLICE_X123Y510       FDRE                                         r  r_rst_cnt_reg[3]/C
  -------------------------------------------------------------------    -------------------
    SLICE_X123Y510       FDRE (Prop_DFF_SLICEL_C_Q)
                                                      0.039     2.249 f  r_rst_cnt_reg[3]/Q
                         net (fo=2, routed)           0.063     2.312    u_cpu_core/u_cpu3/r_rst_cnt_reg[3]
    SLICE_X123Y509       LUT6 (Prop_H6LUT_SLICEL_I2_O)
                                                      0.015     2.327 f  u_cpu_core/u_cpu3/state[1]_i_3__0/O
                         net (fo=1007, routed)        0.421     2.748    u_cpu_core/w_sys_rst
    SLICE_X145Y530       FDCE                                         f  u_cpu_core/local_rdata1_reg[12]/CLR
  -------------------------------------------------------------------    -------------------

                         (clock clk_out1_clk_wiz_0 rise edge)
                                                      0.000     0.000 r  
    G30                                               0.000     0.000 r  USER_SI570_CLOCK_P (IN)
                         net (fo=0)                   0.100     0.100    pll_50MHz_inst/inst/clkin1_ibufds/I
    HPIOBDIFFINBUF_X0Y275
                         DIFFINBUF (Prop_DIFFINBUF_HPIOBDIFFINBUF_DIFF_IN_P_O)
                                                      0.384     0.484 r  pll_50MHz_inst/inst/clkin1_ibufds/DIFFINBUF_INST/O
                         net (fo=1, routed)           0.050     0.534    pll_50MHz_inst/inst/clkin1_ibufds/OUT
    G30                  IBUFCTRL (Prop_IBUFCTRL_HPIOB_M_I_O)
                                                      0.000     0.534 r  pll_50MHz_inst/inst/clkin1_ibufds/IBUFCTRL_INST/O
                         net (fo=1, routed)           0.225     0.759    pll_50MHz_inst/inst/clk_in1_clk_wiz_0
    PLL_X0Y23            PLLE4_ADV (Prop_PLL_CLKIN_CLKOUT0)
                                                     -0.130     0.629 r  pll_50MHz_inst/inst/plle4_adv_inst/CLKOUT0
                         net (fo=1, routed)           0.182     0.811    pll_50MHz_inst/inst/clk_out1_clk_wiz_0
    BUFGCE_X0Y287        BUFGCE (Prop_BUFCE_BUFGCE_I_O)
                                                      0.019     0.830 r  pll_50MHz_inst/inst/clkout1_buf/O
    X5Y8 (CLOCK_ROOT)    net (fo=2802, routed)        1.516     2.346    u_cpu_core/clk_out1
    SLICE_X145Y530       FDCE                                         r  u_cpu_core/local_rdata1_reg[12]/C
                         clock pessimism             -0.123     2.223    
    SLICE_X145Y530       FDCE (Remov_CFF2_SLICEM_C_CLR)
                                                     -0.020     2.203    u_cpu_core/local_rdata1_reg[12]
  -------------------------------------------------------------------
                         required time                         -2.203    
                         arrival time                           2.748    
  -------------------------------------------------------------------
                         slack                                  0.545    





--------------------------------------------------------------------------------------
Path Group:  (none)
From Clock:  clk_out1_clk_wiz_0
  To Clock:  

Max Delay             1 Endpoint
Min Delay             1 Endpoint
--------------------------------------------------------------------------------------


Max Delay Paths
--------------------------------------------------------------------------------------
Slack:                    inf
  Source:                 uart_transmitter/o_tx_serial_reg/C
                            (rising edge-triggered cell FDRE clocked by clk_out1_clk_wiz_0  {rise@0.000ns fall@10.000ns period=20.000ns})
  Destination:            USB_UART_RX
                            (output port)
  Path Group:             (none)
  Path Type:              Max at Slow Process Corner
  Data Path Delay:        4.203ns  (logic 0.986ns (23.457%)  route 3.217ns (76.543%))
  Logic Levels:           1  (OBUF=1)
  Clock Uncertainty:      0.150ns  ((TSJ^2 + DJ^2)^1/2) / 2 + PE
    Total System Jitter     (TSJ):    0.050ns
    Discrete Jitter          (DJ):    0.123ns
    Phase Error              (PE):    0.083ns
  Clock Net Delay (Source):      2.420ns (routing 1.510ns, distribution 0.910ns)

    Location             Delay type                Incr(ns)  Path(ns)    Netlist Resource(s)
  -------------------------------------------------------------------    -------------------
                         (clock clk_out1_clk_wiz_0 rise edge)
                                                      0.000     0.000 r  
    G30                                               0.000     0.000 r  USER_SI570_CLOCK_P (IN)
                         net (fo=0)                   0.100     0.100    pll_50MHz_inst/inst/clkin1_ibufds/I
    HPIOBDIFFINBUF_X0Y275
                         DIFFINBUF (Prop_DIFFINBUF_HPIOBDIFFINBUF_DIFF_IN_P_O)
                                                      0.613     0.713 r  pll_50MHz_inst/inst/clkin1_ibufds/DIFFINBUF_INST/O
                         net (fo=1, routed)           0.050     0.763    pll_50MHz_inst/inst/clkin1_ibufds/OUT
    G30                  IBUFCTRL (Prop_IBUFCTRL_HPIOB_M_I_O)
                                                      0.000     0.763 r  pll_50MHz_inst/inst/clkin1_ibufds/IBUFCTRL_INST/O
                         net (fo=1, routed)           0.390     1.153    pll_50MHz_inst/inst/clk_in1_clk_wiz_0
    PLL_X0Y23            PLLE4_ADV (Prop_PLL_CLKIN_CLKOUT0)
                                                      0.033     1.186 r  pll_50MHz_inst/inst/plle4_adv_inst/CLKOUT0
                         net (fo=1, routed)           0.272     1.458    pll_50MHz_inst/inst/clk_out1_clk_wiz_0
    BUFGCE_X0Y287        BUFGCE (Prop_BUFCE_BUFGCE_I_O)
                                                      0.028     1.486 r  pll_50MHz_inst/inst/clkout1_buf/O
    X5Y8 (CLOCK_ROOT)    net (fo=2802, routed)        2.420     3.905    uart_transmitter/clk_out1
    SLICE_X146Y481       FDRE                                         r  uart_transmitter/o_tx_serial_reg/C
  -------------------------------------------------------------------    -------------------
    SLICE_X146Y481       FDRE (Prop_DFF_SLICEM_C_Q)
                                                      0.078     3.983 r  uart_transmitter/o_tx_serial_reg/Q
                         net (fo=1, routed)           3.217     7.200    USB_UART_RX_OBUF
    B33                  OBUF (Prop_OUTBUF_HPIOB_SNGL_I_O)
                                                      0.908     8.108 r  USB_UART_RX_OBUF_inst/O
                         net (fo=0)                   0.000     8.108    USB_UART_RX
    B33                                                               r  USB_UART_RX (OUT)
  -------------------------------------------------------------------    -------------------





Min Delay Paths
--------------------------------------------------------------------------------------
Slack:                    inf
  Source:                 uart_transmitter/o_tx_serial_reg/C
                            (rising edge-triggered cell FDRE clocked by clk_out1_clk_wiz_0  {rise@0.000ns fall@10.000ns period=20.000ns})
  Destination:            USB_UART_RX
                            (output port)
  Path Group:             (none)
  Path Type:              Min at Fast Process Corner
  Data Path Delay:        2.012ns  (logic 0.439ns (21.810%)  route 1.573ns (78.190%))
  Logic Levels:           1  (OBUF=1)
  Clock Uncertainty:      0.150ns  ((TSJ^2 + DJ^2)^1/2) / 2 + PE
    Total System Jitter     (TSJ):    0.050ns
    Discrete Jitter          (DJ):    0.123ns
    Phase Error              (PE):    0.083ns
  Clock Net Delay (Source):      1.324ns (routing 0.826ns, distribution 0.498ns)

    Location             Delay type                Incr(ns)  Path(ns)    Netlist Resource(s)
  -------------------------------------------------------------------    -------------------
                         (clock clk_out1_clk_wiz_0 rise edge)
                                                      0.000     0.000 r  
    G30                                               0.000     0.000 r  USER_SI570_CLOCK_P (IN)
                         net (fo=0)                   0.079     0.079    pll_50MHz_inst/inst/clkin1_ibufds/I
    HPIOBDIFFINBUF_X0Y275
                         DIFFINBUF (Prop_DIFFINBUF_HPIOBDIFFINBUF_DIFF_IN_P_O)
                                                      0.279     0.358 r  pll_50MHz_inst/inst/clkin1_ibufds/DIFFINBUF_INST/O
                         net (fo=1, routed)           0.040     0.398    pll_50MHz_inst/inst/clkin1_ibufds/OUT
    G30                  IBUFCTRL (Prop_IBUFCTRL_HPIOB_M_I_O)
                                                      0.000     0.398 r  pll_50MHz_inst/inst/clkin1_ibufds/IBUFCTRL_INST/O
                         net (fo=1, routed)           0.199     0.597    pll_50MHz_inst/inst/clk_in1_clk_wiz_0
    PLL_X0Y23            PLLE4_ADV (Prop_PLL_CLKIN_CLKOUT0)
                                                      0.050     0.647 r  pll_50MHz_inst/inst/plle4_adv_inst/CLKOUT0
                         net (fo=1, routed)           0.160     0.807    pll_50MHz_inst/inst/clk_out1_clk_wiz_0
    BUFGCE_X0Y287        BUFGCE (Prop_BUFCE_BUFGCE_I_O)
                                                      0.017     0.824 r  pll_50MHz_inst/inst/clkout1_buf/O
    X5Y8 (CLOCK_ROOT)    net (fo=2802, routed)        1.324     2.147    uart_transmitter/clk_out1
    SLICE_X146Y481       FDRE                                         r  uart_transmitter/o_tx_serial_reg/C
  -------------------------------------------------------------------    -------------------
    SLICE_X146Y481       FDRE (Prop_DFF_SLICEM_C_Q)
                                                      0.039     2.186 r  uart_transmitter/o_tx_serial_reg/Q
                         net (fo=1, routed)           1.573     3.759    USB_UART_RX_OBUF
    B33                  OBUF (Prop_OUTBUF_HPIOB_SNGL_I_O)
                                                      0.400     4.159 r  USB_UART_RX_OBUF_inst/O
                         net (fo=0)                   0.000     4.159    USB_UART_RX
    B33                                                               r  USB_UART_RX (OUT)
  -------------------------------------------------------------------    -------------------





--------------------------------------------------------------------------------------
Path Group:  (none)
From Clock:  
  To Clock:  clk_out1_clk_wiz_0

Max Delay            12 Endpoints
Min Delay            12 Endpoints
--------------------------------------------------------------------------------------


Max Delay Paths
--------------------------------------------------------------------------------------
Slack:                    inf
  Source:                 USB_UART_TX
                            (input port)
  Destination:            uart_receiver/FSM_sequential_r_state_reg[1]/CE
                            (rising edge-triggered cell FDRE clocked by clk_out1_clk_wiz_0  {rise@0.000ns fall@10.000ns period=20.000ns})
  Path Group:             (none)
  Path Type:              Setup (Max at Slow Process Corner)
  Data Path Delay:        3.801ns  (logic 0.635ns (16.708%)  route 3.166ns (83.292%))
  Logic Levels:           4  (IBUFCTRL=1 INBUF=1 LUT5=1 LUT6=1)
  Clock Path Skew:        3.928ns (DCD - SCD + CPR)
    Destination Clock Delay (DCD):    3.928ns
    Source Clock Delay      (SCD):    0.000ns
    Clock Pessimism Removal (CPR):    0.000ns
  Clock Uncertainty:      0.150ns  ((TSJ^2 + DJ^2)^1/2) / 2 + PE
    Total System Jitter     (TSJ):    0.050ns
    Discrete Jitter          (DJ):    0.123ns
    Phase Error              (PE):    0.083ns
  Clock Net Delay (Destination): 2.280ns (routing 1.368ns, distribution 0.912ns)

    Location             Delay type                Incr(ns)  Path(ns)    Netlist Resource(s)
  -------------------------------------------------------------------    -------------------
    A28                                               0.000     0.000 r  USB_UART_TX (IN)
                         net (fo=0)                   0.000     0.000    USB_UART_TX_IBUF_inst/I
    A28                  INBUF (Prop_INBUF_HPIOB_S_PAD_O)
                                                      0.505     0.505 r  USB_UART_TX_IBUF_inst/INBUF_INST/O
                         net (fo=1, routed)           0.000     0.505    USB_UART_TX_IBUF_inst/OUT
    A28                  IBUFCTRL (Prop_IBUFCTRL_HPIOB_S_I_O)
                                                      0.000     0.505 r  USB_UART_TX_IBUF_inst/IBUFCTRL_INST/O
                         net (fo=13, routed)          2.932     3.437    uart_receiver/USB_UART_TX_IBUF
    SLICE_X121Y484       LUT6 (Prop_H6LUT_SLICEM_I1_O)
                                                      0.039     3.476 r  uart_receiver/FSM_sequential_r_state[1]_i_4/O
                         net (fo=1, routed)           0.044     3.520    uart_receiver/FSM_sequential_r_state[1]_i_4_n_0
    SLICE_X121Y484       LUT5 (Prop_E6LUT_SLICEM_I1_O)
                                                      0.091     3.611 r  uart_receiver/FSM_sequential_r_state[1]_i_1/O
                         net (fo=2, routed)           0.190     3.801    uart_receiver/FSM_sequential_r_state[1]_i_1_n_0
    SLICE_X121Y484       FDRE                                         r  uart_receiver/FSM_sequential_r_state_reg[1]/CE
  -------------------------------------------------------------------    -------------------

                         (clock clk_out1_clk_wiz_0 rise edge)
                                                      0.000     0.000 r  
    G30                                               0.000     0.000 r  USER_SI570_CLOCK_P (IN)
                         net (fo=0)                   0.079     0.079    pll_50MHz_inst/inst/clkin1_ibufds/I
    HPIOBDIFFINBUF_X0Y275
                         DIFFINBUF (Prop_DIFFINBUF_HPIOBDIFFINBUF_DIFF_IN_P_O)
                                                      0.503     0.582 r  pll_50MHz_inst/inst/clkin1_ibufds/DIFFINBUF_INST/O
                         net (fo=1, routed)           0.040     0.622    pll_50MHz_inst/inst/clkin1_ibufds/OUT
    G30                  IBUFCTRL (Prop_IBUFCTRL_HPIOB_M_I_O)
                                                      0.000     0.622 r  pll_50MHz_inst/inst/clkin1_ibufds/IBUFCTRL_INST/O
                         net (fo=1, routed)           0.339     0.961    pll_50MHz_inst/inst/clk_in1_clk_wiz_0
    PLL_X0Y23            PLLE4_ADV (Prop_PLL_CLKIN_CLKOUT0)
                                                      0.430     1.391 r  pll_50MHz_inst/inst/plle4_adv_inst/CLKOUT0
                         net (fo=1, routed)           0.233     1.624    pll_50MHz_inst/inst/clk_out1_clk_wiz_0
    BUFGCE_X0Y287        BUFGCE (Prop_BUFCE_BUFGCE_I_O)
                                                      0.024     1.648 r  pll_50MHz_inst/inst/clkout1_buf/O
    X5Y8 (CLOCK_ROOT)    net (fo=2802, routed)        2.280     3.928    uart_receiver/clk_out1
    SLICE_X121Y484       FDRE                                         r  uart_receiver/FSM_sequential_r_state_reg[1]/C

Slack:                    inf
  Source:                 USB_UART_TX
                            (input port)
  Destination:            uart_receiver/FSM_sequential_r_state_reg[0]/CE
                            (rising edge-triggered cell FDRE clocked by clk_out1_clk_wiz_0  {rise@0.000ns fall@10.000ns period=20.000ns})
  Path Group:             (none)
  Path Type:              Setup (Max at Slow Process Corner)
  Data Path Delay:        3.758ns  (logic 0.635ns (16.900%)  route 3.123ns (83.100%))
  Logic Levels:           4  (IBUFCTRL=1 INBUF=1 LUT5=1 LUT6=1)
  Clock Path Skew:        3.929ns (DCD - SCD + CPR)
    Destination Clock Delay (DCD):    3.929ns
    Source Clock Delay      (SCD):    0.000ns
    Clock Pessimism Removal (CPR):    0.000ns
  Clock Uncertainty:      0.150ns  ((TSJ^2 + DJ^2)^1/2) / 2 + PE
    Total System Jitter     (TSJ):    0.050ns
    Discrete Jitter          (DJ):    0.123ns
    Phase Error              (PE):    0.083ns
  Clock Net Delay (Destination): 2.281ns (routing 1.368ns, distribution 0.913ns)

    Location             Delay type                Incr(ns)  Path(ns)    Netlist Resource(s)
  -------------------------------------------------------------------    -------------------
    A28                                               0.000     0.000 r  USB_UART_TX (IN)
                         net (fo=0)                   0.000     0.000    USB_UART_TX_IBUF_inst/I
    A28                  INBUF (Prop_INBUF_HPIOB_S_PAD_O)
                                                      0.505     0.505 r  USB_UART_TX_IBUF_inst/INBUF_INST/O
                         net (fo=1, routed)           0.000     0.505    USB_UART_TX_IBUF_inst/OUT
    A28                  IBUFCTRL (Prop_IBUFCTRL_HPIOB_S_I_O)
                                                      0.000     0.505 r  USB_UART_TX_IBUF_inst/IBUFCTRL_INST/O
                         net (fo=13, routed)          2.932     3.437    uart_receiver/USB_UART_TX_IBUF
    SLICE_X121Y484       LUT6 (Prop_H6LUT_SLICEM_I1_O)
                                                      0.039     3.476 r  uart_receiver/FSM_sequential_r_state[1]_i_4/O
                         net (fo=1, routed)           0.044     3.520    uart_receiver/FSM_sequential_r_state[1]_i_4_n_0
    SLICE_X121Y484       LUT5 (Prop_E6LUT_SLICEM_I1_O)
                                                      0.091     3.611 r  uart_receiver/FSM_sequential_r_state[1]_i_1/O
                         net (fo=2, routed)           0.147     3.758    uart_receiver/FSM_sequential_r_state[1]_i_1_n_0
    SLICE_X121Y484       FDRE                                         r  uart_receiver/FSM_sequential_r_state_reg[0]/CE
  -------------------------------------------------------------------    -------------------

                         (clock clk_out1_clk_wiz_0 rise edge)
                                                      0.000     0.000 r  
    G30                                               0.000     0.000 r  USER_SI570_CLOCK_P (IN)
                         net (fo=0)                   0.079     0.079    pll_50MHz_inst/inst/clkin1_ibufds/I
    HPIOBDIFFINBUF_X0Y275
                         DIFFINBUF (Prop_DIFFINBUF_HPIOBDIFFINBUF_DIFF_IN_P_O)
                                                      0.503     0.582 r  pll_50MHz_inst/inst/clkin1_ibufds/DIFFINBUF_INST/O
                         net (fo=1, routed)           0.040     0.622    pll_50MHz_inst/inst/clkin1_ibufds/OUT
    G30                  IBUFCTRL (Prop_IBUFCTRL_HPIOB_M_I_O)
                                                      0.000     0.622 r  pll_50MHz_inst/inst/clkin1_ibufds/IBUFCTRL_INST/O
                         net (fo=1, routed)           0.339     0.961    pll_50MHz_inst/inst/clk_in1_clk_wiz_0
    PLL_X0Y23            PLLE4_ADV (Prop_PLL_CLKIN_CLKOUT0)
                                                      0.430     1.391 r  pll_50MHz_inst/inst/plle4_adv_inst/CLKOUT0
                         net (fo=1, routed)           0.233     1.624    pll_50MHz_inst/inst/clk_out1_clk_wiz_0
    BUFGCE_X0Y287        BUFGCE (Prop_BUFCE_BUFGCE_I_O)
                                                      0.024     1.648 r  pll_50MHz_inst/inst/clkout1_buf/O
    X5Y8 (CLOCK_ROOT)    net (fo=2802, routed)        2.281     3.929    uart_receiver/clk_out1
    SLICE_X121Y484       FDRE                                         r  uart_receiver/FSM_sequential_r_state_reg[0]/C

Slack:                    inf
  Source:                 USB_UART_TX
                            (input port)
  Destination:            uart_receiver/o_uart_rx_dv_reg/D
                            (rising edge-triggered cell FDRE clocked by clk_out1_clk_wiz_0  {rise@0.000ns fall@10.000ns period=20.000ns})
  Path Group:             (none)
  Path Type:              Setup (Max at Slow Process Corner)
  Data Path Delay:        3.676ns  (logic 0.753ns (20.488%)  route 2.923ns (79.512%))
  Logic Levels:           4  (IBUFCTRL=1 INBUF=1 LUT6=2)
  Clock Path Skew:        3.929ns (DCD - SCD + CPR)
    Destination Clock Delay (DCD):    3.929ns
    Source Clock Delay      (SCD):    0.000ns
    Clock Pessimism Removal (CPR):    0.000ns
  Clock Uncertainty:      0.150ns  ((TSJ^2 + DJ^2)^1/2) / 2 + PE
    Total System Jitter     (TSJ):    0.050ns
    Discrete Jitter          (DJ):    0.123ns
    Phase Error              (PE):    0.083ns
  Clock Net Delay (Destination): 2.281ns (routing 1.368ns, distribution 0.913ns)

    Location             Delay type                Incr(ns)  Path(ns)    Netlist Resource(s)
  -------------------------------------------------------------------    -------------------
    A28                                               0.000     0.000 f  USB_UART_TX (IN)
                         net (fo=0)                   0.000     0.000    USB_UART_TX_IBUF_inst/I
    A28                  INBUF (Prop_INBUF_HPIOB_S_PAD_O)
                                                      0.505     0.505 f  USB_UART_TX_IBUF_inst/INBUF_INST/O
                         net (fo=1, routed)           0.000     0.505    USB_UART_TX_IBUF_inst/OUT
    A28                  IBUFCTRL (Prop_IBUFCTRL_HPIOB_S_I_O)
                                                      0.000     0.505 f  USB_UART_TX_IBUF_inst/IBUFCTRL_INST/O
                         net (fo=13, routed)          2.814     3.319    uart_receiver/USB_UART_TX_IBUF
    SLICE_X121Y483       LUT6 (Prop_G6LUT_SLICEM_I4_O)
                                                      0.123     3.442 r  uart_receiver/o_uart_rx_dv_i_2/O
                         net (fo=1, routed)           0.050     3.492    uart_receiver/o_uart_rx_dv_i_2_n_0
    SLICE_X121Y483       LUT6 (Prop_B6LUT_SLICEM_I3_O)
                                                      0.125     3.617 r  uart_receiver/o_uart_rx_dv_i_1/O
                         net (fo=1, routed)           0.059     3.676    uart_receiver/o_uart_rx_dv_i_1_n_0
    SLICE_X121Y483       FDRE                                         r  uart_receiver/o_uart_rx_dv_reg/D
  -------------------------------------------------------------------    -------------------

                         (clock clk_out1_clk_wiz_0 rise edge)
                                                      0.000     0.000 r  
    G30                                               0.000     0.000 r  USER_SI570_CLOCK_P (IN)
                         net (fo=0)                   0.079     0.079    pll_50MHz_inst/inst/clkin1_ibufds/I
    HPIOBDIFFINBUF_X0Y275
                         DIFFINBUF (Prop_DIFFINBUF_HPIOBDIFFINBUF_DIFF_IN_P_O)
                                                      0.503     0.582 r  pll_50MHz_inst/inst/clkin1_ibufds/DIFFINBUF_INST/O
                         net (fo=1, routed)           0.040     0.622    pll_50MHz_inst/inst/clkin1_ibufds/OUT
    G30                  IBUFCTRL (Prop_IBUFCTRL_HPIOB_M_I_O)
                                                      0.000     0.622 r  pll_50MHz_inst/inst/clkin1_ibufds/IBUFCTRL_INST/O
                         net (fo=1, routed)           0.339     0.961    pll_50MHz_inst/inst/clk_in1_clk_wiz_0
    PLL_X0Y23            PLLE4_ADV (Prop_PLL_CLKIN_CLKOUT0)
                                                      0.430     1.391 r  pll_50MHz_inst/inst/plle4_adv_inst/CLKOUT0
                         net (fo=1, routed)           0.233     1.624    pll_50MHz_inst/inst/clk_out1_clk_wiz_0
    BUFGCE_X0Y287        BUFGCE (Prop_BUFCE_BUFGCE_I_O)
                                                      0.024     1.648 r  pll_50MHz_inst/inst/clkout1_buf/O
    X5Y8 (CLOCK_ROOT)    net (fo=2802, routed)        2.281     3.929    uart_receiver/clk_out1
    SLICE_X121Y483       FDRE                                         r  uart_receiver/o_uart_rx_dv_reg/C

Slack:                    inf
  Source:                 USB_UART_TX
                            (input port)
  Destination:            uart_receiver/FSM_sequential_r_state_reg[1]/D
                            (rising edge-triggered cell FDRE clocked by clk_out1_clk_wiz_0  {rise@0.000ns fall@10.000ns period=20.000ns})
  Path Group:             (none)
  Path Type:              Setup (Max at Slow Process Corner)
  Data Path Delay:        3.622ns  (logic 0.627ns (17.315%)  route 2.995ns (82.685%))
  Logic Levels:           3  (IBUFCTRL=1 INBUF=1 LUT5=1)
  Clock Path Skew:        3.928ns (DCD - SCD + CPR)
    Destination Clock Delay (DCD):    3.928ns
    Source Clock Delay      (SCD):    0.000ns
    Clock Pessimism Removal (CPR):    0.000ns
  Clock Uncertainty:      0.150ns  ((TSJ^2 + DJ^2)^1/2) / 2 + PE
    Total System Jitter     (TSJ):    0.050ns
    Discrete Jitter          (DJ):    0.123ns
    Phase Error              (PE):    0.083ns
  Clock Net Delay (Destination): 2.280ns (routing 1.368ns, distribution 0.912ns)

    Location             Delay type                Incr(ns)  Path(ns)    Netlist Resource(s)
  -------------------------------------------------------------------    -------------------
    A28                                               0.000     0.000 f  USB_UART_TX (IN)
                         net (fo=0)                   0.000     0.000    USB_UART_TX_IBUF_inst/I
    A28                  INBUF (Prop_INBUF_HPIOB_S_PAD_O)
                                                      0.505     0.505 f  USB_UART_TX_IBUF_inst/INBUF_INST/O
                         net (fo=1, routed)           0.000     0.505    USB_UART_TX_IBUF_inst/OUT
    A28                  IBUFCTRL (Prop_IBUFCTRL_HPIOB_S_I_O)
                                                      0.000     0.505 f  USB_UART_TX_IBUF_inst/IBUFCTRL_INST/O
                         net (fo=13, routed)          2.837     3.342    uart_receiver/USB_UART_TX_IBUF
    SLICE_X121Y484       LUT5 (Prop_D6LUT_SLICEM_I0_O)
                                                      0.122     3.464 r  uart_receiver/FSM_sequential_r_state[1]_i_2/O
                         net (fo=1, routed)           0.158     3.622    uart_receiver/r_state__0[1]
    SLICE_X121Y484       FDRE                                         r  uart_receiver/FSM_sequential_r_state_reg[1]/D
  -------------------------------------------------------------------    -------------------

                         (clock clk_out1_clk_wiz_0 rise edge)
                                                      0.000     0.000 r  
    G30                                               0.000     0.000 r  USER_SI570_CLOCK_P (IN)
                         net (fo=0)                   0.079     0.079    pll_50MHz_inst/inst/clkin1_ibufds/I
    HPIOBDIFFINBUF_X0Y275
                         DIFFINBUF (Prop_DIFFINBUF_HPIOBDIFFINBUF_DIFF_IN_P_O)
                                                      0.503     0.582 r  pll_50MHz_inst/inst/clkin1_ibufds/DIFFINBUF_INST/O
                         net (fo=1, routed)           0.040     0.622    pll_50MHz_inst/inst/clkin1_ibufds/OUT
    G30                  IBUFCTRL (Prop_IBUFCTRL_HPIOB_M_I_O)
                                                      0.000     0.622 r  pll_50MHz_inst/inst/clkin1_ibufds/IBUFCTRL_INST/O
                         net (fo=1, routed)           0.339     0.961    pll_50MHz_inst/inst/clk_in1_clk_wiz_0
    PLL_X0Y23            PLLE4_ADV (Prop_PLL_CLKIN_CLKOUT0)
                                                      0.430     1.391 r  pll_50MHz_inst/inst/plle4_adv_inst/CLKOUT0
                         net (fo=1, routed)           0.233     1.624    pll_50MHz_inst/inst/clk_out1_clk_wiz_0
    BUFGCE_X0Y287        BUFGCE (Prop_BUFCE_BUFGCE_I_O)
                                                      0.024     1.648 r  pll_50MHz_inst/inst/clkout1_buf/O
    X5Y8 (CLOCK_ROOT)    net (fo=2802, routed)        2.280     3.928    uart_receiver/clk_out1
    SLICE_X121Y484       FDRE                                         r  uart_receiver/FSM_sequential_r_state_reg[1]/C

Slack:                    inf
  Source:                 USB_UART_TX
                            (input port)
  Destination:            uart_receiver/o_uart_rx_data_reg[6]/D
                            (rising edge-triggered cell FDRE clocked by clk_out1_clk_wiz_0  {rise@0.000ns fall@10.000ns period=20.000ns})
  Path Group:             (none)
  Path Type:              Setup (Max at Slow Process Corner)
  Data Path Delay:        3.496ns  (logic 0.505ns (14.450%)  route 2.990ns (85.550%))
  Logic Levels:           2  (IBUFCTRL=1 INBUF=1)
  Clock Path Skew:        3.924ns (DCD - SCD + CPR)
    Destination Clock Delay (DCD):    3.924ns
    Source Clock Delay      (SCD):    0.000ns
    Clock Pessimism Removal (CPR):    0.000ns
  Clock Uncertainty:      0.150ns  ((TSJ^2 + DJ^2)^1/2) / 2 + PE
    Total System Jitter     (TSJ):    0.050ns
    Discrete Jitter          (DJ):    0.123ns
    Phase Error              (PE):    0.083ns
  Clock Net Delay (Destination): 2.276ns (routing 1.368ns, distribution 0.908ns)

    Location             Delay type                Incr(ns)  Path(ns)    Netlist Resource(s)
  -------------------------------------------------------------------    -------------------
    A28                                               0.000     0.000 r  USB_UART_TX (IN)
                         net (fo=0)                   0.000     0.000    USB_UART_TX_IBUF_inst/I
    A28                  INBUF (Prop_INBUF_HPIOB_S_PAD_O)
                                                      0.505     0.505 r  USB_UART_TX_IBUF_inst/INBUF_INST/O
                         net (fo=1, routed)           0.000     0.505    USB_UART_TX_IBUF_inst/OUT
    A28                  IBUFCTRL (Prop_IBUFCTRL_HPIOB_S_I_O)
                                                      0.000     0.505 r  USB_UART_TX_IBUF_inst/IBUFCTRL_INST/O
                         net (fo=13, routed)          2.990     3.496    uart_receiver/USB_UART_TX_IBUF
    SLICE_X120Y484       FDRE                                         r  uart_receiver/o_uart_rx_data_reg[6]/D
  -------------------------------------------------------------------    -------------------

                         (clock clk_out1_clk_wiz_0 rise edge)
                                                      0.000     0.000 r  
    G30                                               0.000     0.000 r  USER_SI570_CLOCK_P (IN)
                         net (fo=0)                   0.079     0.079    pll_50MHz_inst/inst/clkin1_ibufds/I
    HPIOBDIFFINBUF_X0Y275
                         DIFFINBUF (Prop_DIFFINBUF_HPIOBDIFFINBUF_DIFF_IN_P_O)
                                                      0.503     0.582 r  pll_50MHz_inst/inst/clkin1_ibufds/DIFFINBUF_INST/O
                         net (fo=1, routed)           0.040     0.622    pll_50MHz_inst/inst/clkin1_ibufds/OUT
    G30                  IBUFCTRL (Prop_IBUFCTRL_HPIOB_M_I_O)
                                                      0.000     0.622 r  pll_50MHz_inst/inst/clkin1_ibufds/IBUFCTRL_INST/O
                         net (fo=1, routed)           0.339     0.961    pll_50MHz_inst/inst/clk_in1_clk_wiz_0
    PLL_X0Y23            PLLE4_ADV (Prop_PLL_CLKIN_CLKOUT0)
                                                      0.430     1.391 r  pll_50MHz_inst/inst/plle4_adv_inst/CLKOUT0
                         net (fo=1, routed)           0.233     1.624    pll_50MHz_inst/inst/clk_out1_clk_wiz_0
    BUFGCE_X0Y287        BUFGCE (Prop_BUFCE_BUFGCE_I_O)
                                                      0.024     1.648 r  pll_50MHz_inst/inst/clkout1_buf/O
    X5Y8 (CLOCK_ROOT)    net (fo=2802, routed)        2.276     3.924    uart_receiver/clk_out1
    SLICE_X120Y484       FDRE                                         r  uart_receiver/o_uart_rx_data_reg[6]/C

Slack:                    inf
  Source:                 USB_UART_TX
                            (input port)
  Destination:            uart_receiver/o_uart_rx_data_reg[2]/D
                            (rising edge-triggered cell FDRE clocked by clk_out1_clk_wiz_0  {rise@0.000ns fall@10.000ns period=20.000ns})
  Path Group:             (none)
  Path Type:              Setup (Max at Slow Process Corner)
  Data Path Delay:        3.483ns  (logic 0.505ns (14.504%)  route 2.977ns (85.496%))
  Logic Levels:           2  (IBUFCTRL=1 INBUF=1)
  Clock Path Skew:        3.926ns (DCD - SCD + CPR)
    Destination Clock Delay (DCD):    3.926ns
    Source Clock Delay      (SCD):    0.000ns
    Clock Pessimism Removal (CPR):    0.000ns
  Clock Uncertainty:      0.150ns  ((TSJ^2 + DJ^2)^1/2) / 2 + PE
    Total System Jitter     (TSJ):    0.050ns
    Discrete Jitter          (DJ):    0.123ns
    Phase Error              (PE):    0.083ns
  Clock Net Delay (Destination): 2.278ns (routing 1.368ns, distribution 0.910ns)

    Location             Delay type                Incr(ns)  Path(ns)    Netlist Resource(s)
  -------------------------------------------------------------------    -------------------
    A28                                               0.000     0.000 r  USB_UART_TX (IN)
                         net (fo=0)                   0.000     0.000    USB_UART_TX_IBUF_inst/I
    A28                  INBUF (Prop_INBUF_HPIOB_S_PAD_O)
                                                      0.505     0.505 r  USB_UART_TX_IBUF_inst/INBUF_INST/O
                         net (fo=1, routed)           0.000     0.505    USB_UART_TX_IBUF_inst/OUT
    A28                  IBUFCTRL (Prop_IBUFCTRL_HPIOB_S_I_O)
                                                      0.000     0.505 r  USB_UART_TX_IBUF_inst/IBUFCTRL_INST/O
                         net (fo=13, routed)          2.977     3.483    uart_receiver/USB_UART_TX_IBUF
    SLICE_X120Y484       FDRE                                         r  uart_receiver/o_uart_rx_data_reg[2]/D
  -------------------------------------------------------------------    -------------------

                         (clock clk_out1_clk_wiz_0 rise edge)
                                                      0.000     0.000 r  
    G30                                               0.000     0.000 r  USER_SI570_CLOCK_P (IN)
                         net (fo=0)                   0.079     0.079    pll_50MHz_inst/inst/clkin1_ibufds/I
    HPIOBDIFFINBUF_X0Y275
                         DIFFINBUF (Prop_DIFFINBUF_HPIOBDIFFINBUF_DIFF_IN_P_O)
                                                      0.503     0.582 r  pll_50MHz_inst/inst/clkin1_ibufds/DIFFINBUF_INST/O
                         net (fo=1, routed)           0.040     0.622    pll_50MHz_inst/inst/clkin1_ibufds/OUT
    G30                  IBUFCTRL (Prop_IBUFCTRL_HPIOB_M_I_O)
                                                      0.000     0.622 r  pll_50MHz_inst/inst/clkin1_ibufds/IBUFCTRL_INST/O
                         net (fo=1, routed)           0.339     0.961    pll_50MHz_inst/inst/clk_in1_clk_wiz_0
    PLL_X0Y23            PLLE4_ADV (Prop_PLL_CLKIN_CLKOUT0)
                                                      0.430     1.391 r  pll_50MHz_inst/inst/plle4_adv_inst/CLKOUT0
                         net (fo=1, routed)           0.233     1.624    pll_50MHz_inst/inst/clk_out1_clk_wiz_0
    BUFGCE_X0Y287        BUFGCE (Prop_BUFCE_BUFGCE_I_O)
                                                      0.024     1.648 r  pll_50MHz_inst/inst/clkout1_buf/O
    X5Y8 (CLOCK_ROOT)    net (fo=2802, routed)        2.278     3.926    uart_receiver/clk_out1
    SLICE_X120Y484       FDRE                                         r  uart_receiver/o_uart_rx_data_reg[2]/C

Slack:                    inf
  Source:                 USB_UART_TX
                            (input port)
  Destination:            uart_receiver/o_uart_rx_data_reg[0]/D
                            (rising edge-triggered cell FDRE clocked by clk_out1_clk_wiz_0  {rise@0.000ns fall@10.000ns period=20.000ns})
  Path Group:             (none)
  Path Type:              Setup (Max at Slow Process Corner)
  Data Path Delay:        3.473ns  (logic 0.505ns (14.545%)  route 2.968ns (85.455%))
  Logic Levels:           2  (IBUFCTRL=1 INBUF=1)
  Clock Path Skew:        3.923ns (DCD - SCD + CPR)
    Destination Clock Delay (DCD):    3.923ns
    Source Clock Delay      (SCD):    0.000ns
    Clock Pessimism Removal (CPR):    0.000ns
  Clock Uncertainty:      0.150ns  ((TSJ^2 + DJ^2)^1/2) / 2 + PE
    Total System Jitter     (TSJ):    0.050ns
    Discrete Jitter          (DJ):    0.123ns
    Phase Error              (PE):    0.083ns
  Clock Net Delay (Destination): 2.275ns (routing 1.368ns, distribution 0.907ns)

    Location             Delay type                Incr(ns)  Path(ns)    Netlist Resource(s)
  -------------------------------------------------------------------    -------------------
    A28                                               0.000     0.000 r  USB_UART_TX (IN)
                         net (fo=0)                   0.000     0.000    USB_UART_TX_IBUF_inst/I
    A28                  INBUF (Prop_INBUF_HPIOB_S_PAD_O)
                                                      0.505     0.505 r  USB_UART_TX_IBUF_inst/INBUF_INST/O
                         net (fo=1, routed)           0.000     0.505    USB_UART_TX_IBUF_inst/OUT
    A28                  IBUFCTRL (Prop_IBUFCTRL_HPIOB_S_I_O)
                                                      0.000     0.505 r  USB_UART_TX_IBUF_inst/IBUFCTRL_INST/O
                         net (fo=13, routed)          2.968     3.473    uart_receiver/USB_UART_TX_IBUF
    SLICE_X121Y480       FDRE                                         r  uart_receiver/o_uart_rx_data_reg[0]/D
  -------------------------------------------------------------------    -------------------

                         (clock clk_out1_clk_wiz_0 rise edge)
                                                      0.000     0.000 r  
    G30                                               0.000     0.000 r  USER_SI570_CLOCK_P (IN)
                         net (fo=0)                   0.079     0.079    pll_50MHz_inst/inst/clkin1_ibufds/I
    HPIOBDIFFINBUF_X0Y275
                         DIFFINBUF (Prop_DIFFINBUF_HPIOBDIFFINBUF_DIFF_IN_P_O)
                                                      0.503     0.582 r  pll_50MHz_inst/inst/clkin1_ibufds/DIFFINBUF_INST/O
                         net (fo=1, routed)           0.040     0.622    pll_50MHz_inst/inst/clkin1_ibufds/OUT
    G30                  IBUFCTRL (Prop_IBUFCTRL_HPIOB_M_I_O)
                                                      0.000     0.622 r  pll_50MHz_inst/inst/clkin1_ibufds/IBUFCTRL_INST/O
                         net (fo=1, routed)           0.339     0.961    pll_50MHz_inst/inst/clk_in1_clk_wiz_0
    PLL_X0Y23            PLLE4_ADV (Prop_PLL_CLKIN_CLKOUT0)
                                                      0.430     1.391 r  pll_50MHz_inst/inst/plle4_adv_inst/CLKOUT0
                         net (fo=1, routed)           0.233     1.624    pll_50MHz_inst/inst/clk_out1_clk_wiz_0
    BUFGCE_X0Y287        BUFGCE (Prop_BUFCE_BUFGCE_I_O)
                                                      0.024     1.648 r  pll_50MHz_inst/inst/clkout1_buf/O
    X5Y8 (CLOCK_ROOT)    net (fo=2802, routed)        2.275     3.923    uart_receiver/clk_out1
    SLICE_X121Y480       FDRE                                         r  uart_receiver/o_uart_rx_data_reg[0]/C

Slack:                    inf
  Source:                 USB_UART_TX
                            (input port)
  Destination:            uart_receiver/o_uart_rx_data_reg[1]/D
                            (rising edge-triggered cell FDRE clocked by clk_out1_clk_wiz_0  {rise@0.000ns fall@10.000ns period=20.000ns})
  Path Group:             (none)
  Path Type:              Setup (Max at Slow Process Corner)
  Data Path Delay:        3.471ns  (logic 0.505ns (14.553%)  route 2.966ns (85.447%))
  Logic Levels:           2  (IBUFCTRL=1 INBUF=1)
  Clock Path Skew:        3.923ns (DCD - SCD + CPR)
    Destination Clock Delay (DCD):    3.923ns
    Source Clock Delay      (SCD):    0.000ns
    Clock Pessimism Removal (CPR):    0.000ns
  Clock Uncertainty:      0.150ns  ((TSJ^2 + DJ^2)^1/2) / 2 + PE
    Total System Jitter     (TSJ):    0.050ns
    Discrete Jitter          (DJ):    0.123ns
    Phase Error              (PE):    0.083ns
  Clock Net Delay (Destination): 2.275ns (routing 1.368ns, distribution 0.907ns)

    Location             Delay type                Incr(ns)  Path(ns)    Netlist Resource(s)
  -------------------------------------------------------------------    -------------------
    A28                                               0.000     0.000 r  USB_UART_TX (IN)
                         net (fo=0)                   0.000     0.000    USB_UART_TX_IBUF_inst/I
    A28                  INBUF (Prop_INBUF_HPIOB_S_PAD_O)
                                                      0.505     0.505 r  USB_UART_TX_IBUF_inst/INBUF_INST/O
                         net (fo=1, routed)           0.000     0.505    USB_UART_TX_IBUF_inst/OUT
    A28                  IBUFCTRL (Prop_IBUFCTRL_HPIOB_S_I_O)
                                                      0.000     0.505 r  USB_UART_TX_IBUF_inst/IBUFCTRL_INST/O
                         net (fo=13, routed)          2.966     3.471    uart_receiver/USB_UART_TX_IBUF
    SLICE_X121Y480       FDRE                                         r  uart_receiver/o_uart_rx_data_reg[1]/D
  -------------------------------------------------------------------    -------------------

                         (clock clk_out1_clk_wiz_0 rise edge)
                                                      0.000     0.000 r  
    G30                                               0.000     0.000 r  USER_SI570_CLOCK_P (IN)
                         net (fo=0)                   0.079     0.079    pll_50MHz_inst/inst/clkin1_ibufds/I
    HPIOBDIFFINBUF_X0Y275
                         DIFFINBUF (Prop_DIFFINBUF_HPIOBDIFFINBUF_DIFF_IN_P_O)
                                                      0.503     0.582 r  pll_50MHz_inst/inst/clkin1_ibufds/DIFFINBUF_INST/O
                         net (fo=1, routed)           0.040     0.622    pll_50MHz_inst/inst/clkin1_ibufds/OUT
    G30                  IBUFCTRL (Prop_IBUFCTRL_HPIOB_M_I_O)
                                                      0.000     0.622 r  pll_50MHz_inst/inst/clkin1_ibufds/IBUFCTRL_INST/O
                         net (fo=1, routed)           0.339     0.961    pll_50MHz_inst/inst/clk_in1_clk_wiz_0
    PLL_X0Y23            PLLE4_ADV (Prop_PLL_CLKIN_CLKOUT0)
                                                      0.430     1.391 r  pll_50MHz_inst/inst/plle4_adv_inst/CLKOUT0
                         net (fo=1, routed)           0.233     1.624    pll_50MHz_inst/inst/clk_out1_clk_wiz_0
    BUFGCE_X0Y287        BUFGCE (Prop_BUFCE_BUFGCE_I_O)
                                                      0.024     1.648 r  pll_50MHz_inst/inst/clkout1_buf/O
    X5Y8 (CLOCK_ROOT)    net (fo=2802, routed)        2.275     3.923    uart_receiver/clk_out1
    SLICE_X121Y480       FDRE                                         r  uart_receiver/o_uart_rx_data_reg[1]/C

Slack:                    inf
  Source:                 USB_UART_TX
                            (input port)
  Destination:            uart_receiver/o_uart_rx_data_reg[4]/D
                            (rising edge-triggered cell FDRE clocked by clk_out1_clk_wiz_0  {rise@0.000ns fall@10.000ns period=20.000ns})
  Path Group:             (none)
  Path Type:              Setup (Max at Slow Process Corner)
  Data Path Delay:        3.397ns  (logic 0.505ns (14.868%)  route 2.892ns (85.132%))
  Logic Levels:           2  (IBUFCTRL=1 INBUF=1)
  Clock Path Skew:        3.926ns (DCD - SCD + CPR)
    Destination Clock Delay (DCD):    3.926ns
    Source Clock Delay      (SCD):    0.000ns
    Clock Pessimism Removal (CPR):    0.000ns
  Clock Uncertainty:      0.150ns  ((TSJ^2 + DJ^2)^1/2) / 2 + PE
    Total System Jitter     (TSJ):    0.050ns
    Discrete Jitter          (DJ):    0.123ns
    Phase Error              (PE):    0.083ns
  Clock Net Delay (Destination): 2.278ns (routing 1.368ns, distribution 0.910ns)

    Location             Delay type                Incr(ns)  Path(ns)    Netlist Resource(s)
  -------------------------------------------------------------------    -------------------
    A28                                               0.000     0.000 r  USB_UART_TX (IN)
                         net (fo=0)                   0.000     0.000    USB_UART_TX_IBUF_inst/I
    A28                  INBUF (Prop_INBUF_HPIOB_S_PAD_O)
                                                      0.505     0.505 r  USB_UART_TX_IBUF_inst/INBUF_INST/O
                         net (fo=1, routed)           0.000     0.505    USB_UART_TX_IBUF_inst/OUT
    A28                  IBUFCTRL (Prop_IBUFCTRL_HPIOB_S_I_O)
                                                      0.000     0.505 r  USB_UART_TX_IBUF_inst/IBUFCTRL_INST/O
                         net (fo=13, routed)          2.892     3.397    uart_receiver/USB_UART_TX_IBUF
    SLICE_X120Y484       FDRE                                         r  uart_receiver/o_uart_rx_data_reg[4]/D
  -------------------------------------------------------------------    -------------------

                         (clock clk_out1_clk_wiz_0 rise edge)
                                                      0.000     0.000 r  
    G30                                               0.000     0.000 r  USER_SI570_CLOCK_P (IN)
                         net (fo=0)                   0.079     0.079    pll_50MHz_inst/inst/clkin1_ibufds/I
    HPIOBDIFFINBUF_X0Y275
                         DIFFINBUF (Prop_DIFFINBUF_HPIOBDIFFINBUF_DIFF_IN_P_O)
                                                      0.503     0.582 r  pll_50MHz_inst/inst/clkin1_ibufds/DIFFINBUF_INST/O
                         net (fo=1, routed)           0.040     0.622    pll_50MHz_inst/inst/clkin1_ibufds/OUT
    G30                  IBUFCTRL (Prop_IBUFCTRL_HPIOB_M_I_O)
                                                      0.000     0.622 r  pll_50MHz_inst/inst/clkin1_ibufds/IBUFCTRL_INST/O
                         net (fo=1, routed)           0.339     0.961    pll_50MHz_inst/inst/clk_in1_clk_wiz_0
    PLL_X0Y23            PLLE4_ADV (Prop_PLL_CLKIN_CLKOUT0)
                                                      0.430     1.391 r  pll_50MHz_inst/inst/plle4_adv_inst/CLKOUT0
                         net (fo=1, routed)           0.233     1.624    pll_50MHz_inst/inst/clk_out1_clk_wiz_0
    BUFGCE_X0Y287        BUFGCE (Prop_BUFCE_BUFGCE_I_O)
                                                      0.024     1.648 r  pll_50MHz_inst/inst/clkout1_buf/O
    X5Y8 (CLOCK_ROOT)    net (fo=2802, routed)        2.278     3.926    uart_receiver/clk_out1
    SLICE_X120Y484       FDRE                                         r  uart_receiver/o_uart_rx_data_reg[4]/C

Slack:                    inf
  Source:                 USB_UART_TX
                            (input port)
  Destination:            uart_receiver/o_uart_rx_data_reg[5]/D
                            (rising edge-triggered cell FDRE clocked by clk_out1_clk_wiz_0  {rise@0.000ns fall@10.000ns period=20.000ns})
  Path Group:             (none)
  Path Type:              Setup (Max at Slow Process Corner)
  Data Path Delay:        3.379ns  (logic 0.505ns (14.947%)  route 2.874ns (85.053%))
  Logic Levels:           2  (IBUFCTRL=1 INBUF=1)
  Clock Path Skew:        3.924ns (DCD - SCD + CPR)
    Destination Clock Delay (DCD):    3.924ns
    Source Clock Delay      (SCD):    0.000ns
    Clock Pessimism Removal (CPR):    0.000ns
  Clock Uncertainty:      0.150ns  ((TSJ^2 + DJ^2)^1/2) / 2 + PE
    Total System Jitter     (TSJ):    0.050ns
    Discrete Jitter          (DJ):    0.123ns
    Phase Error              (PE):    0.083ns
  Clock Net Delay (Destination): 2.276ns (routing 1.368ns, distribution 0.908ns)

    Location             Delay type                Incr(ns)  Path(ns)    Netlist Resource(s)
  -------------------------------------------------------------------    -------------------
    A28                                               0.000     0.000 r  USB_UART_TX (IN)
                         net (fo=0)                   0.000     0.000    USB_UART_TX_IBUF_inst/I
    A28                  INBUF (Prop_INBUF_HPIOB_S_PAD_O)
                                                      0.505     0.505 r  USB_UART_TX_IBUF_inst/INBUF_INST/O
                         net (fo=1, routed)           0.000     0.505    USB_UART_TX_IBUF_inst/OUT
    A28                  IBUFCTRL (Prop_IBUFCTRL_HPIOB_S_I_O)
                                                      0.000     0.505 r  USB_UART_TX_IBUF_inst/IBUFCTRL_INST/O
                         net (fo=13, routed)          2.874     3.379    uart_receiver/USB_UART_TX_IBUF
    SLICE_X120Y484       FDRE                                         r  uart_receiver/o_uart_rx_data_reg[5]/D
  -------------------------------------------------------------------    -------------------

                         (clock clk_out1_clk_wiz_0 rise edge)
                                                      0.000     0.000 r  
    G30                                               0.000     0.000 r  USER_SI570_CLOCK_P (IN)
                         net (fo=0)                   0.079     0.079    pll_50MHz_inst/inst/clkin1_ibufds/I
    HPIOBDIFFINBUF_X0Y275
                         DIFFINBUF (Prop_DIFFINBUF_HPIOBDIFFINBUF_DIFF_IN_P_O)
                                                      0.503     0.582 r  pll_50MHz_inst/inst/clkin1_ibufds/DIFFINBUF_INST/O
                         net (fo=1, routed)           0.040     0.622    pll_50MHz_inst/inst/clkin1_ibufds/OUT
    G30                  IBUFCTRL (Prop_IBUFCTRL_HPIOB_M_I_O)
                                                      0.000     0.622 r  pll_50MHz_inst/inst/clkin1_ibufds/IBUFCTRL_INST/O
                         net (fo=1, routed)           0.339     0.961    pll_50MHz_inst/inst/clk_in1_clk_wiz_0
    PLL_X0Y23            PLLE4_ADV (Prop_PLL_CLKIN_CLKOUT0)
                                                      0.430     1.391 r  pll_50MHz_inst/inst/plle4_adv_inst/CLKOUT0
                         net (fo=1, routed)           0.233     1.624    pll_50MHz_inst/inst/clk_out1_clk_wiz_0
    BUFGCE_X0Y287        BUFGCE (Prop_BUFCE_BUFGCE_I_O)
                                                      0.024     1.648 r  pll_50MHz_inst/inst/clkout1_buf/O
    X5Y8 (CLOCK_ROOT)    net (fo=2802, routed)        2.276     3.924    uart_receiver/clk_out1
    SLICE_X120Y484       FDRE                                         r  uart_receiver/o_uart_rx_data_reg[5]/C





Min Delay Paths
--------------------------------------------------------------------------------------
Slack:                    inf
  Source:                 USB_UART_TX
                            (input port)
  Destination:            uart_receiver/o_uart_rx_data_reg[3]/D
                            (rising edge-triggered cell FDRE clocked by clk_out1_clk_wiz_0  {rise@0.000ns fall@10.000ns period=20.000ns})
  Path Group:             (none)
  Path Type:              Hold (Min at Fast Process Corner)
  Data Path Delay:        1.481ns  (logic 0.140ns (9.470%)  route 1.341ns (90.530%))
  Logic Levels:           2  (IBUFCTRL=1 INBUF=1)
  Clock Path Skew:        2.409ns (DCD - SCD - CPR)
    Destination Clock Delay (DCD):    2.409ns
    Source Clock Delay      (SCD):    0.000ns
    Clock Pessimism Removal (CPR):    -0.000ns
  Clock Net Delay (Destination): 1.579ns (routing 0.915ns, distribution 0.664ns)

    Location             Delay type                Incr(ns)  Path(ns)    Netlist Resource(s)
  -------------------------------------------------------------------    -------------------
    A28                                               0.000     0.000 r  USB_UART_TX (IN)
                         net (fo=0)                   0.000     0.000    USB_UART_TX_IBUF_inst/I
    A28                  INBUF (Prop_INBUF_HPIOB_S_PAD_O)
                                                      0.140     0.140 r  USB_UART_TX_IBUF_inst/INBUF_INST/O
                         net (fo=1, routed)           0.000     0.140    USB_UART_TX_IBUF_inst/OUT
    A28                  IBUFCTRL (Prop_IBUFCTRL_HPIOB_S_I_O)
                                                      0.000     0.140 r  USB_UART_TX_IBUF_inst/IBUFCTRL_INST/O
                         net (fo=13, routed)          1.341     1.481    uart_receiver/USB_UART_TX_IBUF
    SLICE_X121Y483       FDRE                                         r  uart_receiver/o_uart_rx_data_reg[3]/D
  -------------------------------------------------------------------    -------------------

                         (clock clk_out1_clk_wiz_0 rise edge)
                                                      0.000     0.000 r  
    G30                                               0.000     0.000 r  USER_SI570_CLOCK_P (IN)
                         net (fo=0)                   0.100     0.100    pll_50MHz_inst/inst/clkin1_ibufds/I
    HPIOBDIFFINBUF_X0Y275
                         DIFFINBUF (Prop_DIFFINBUF_HPIOBDIFFINBUF_DIFF_IN_P_O)
                                                      0.384     0.484 r  pll_50MHz_inst/inst/clkin1_ibufds/DIFFINBUF_INST/O
                         net (fo=1, routed)           0.050     0.534    pll_50MHz_inst/inst/clkin1_ibufds/OUT
    G30                  IBUFCTRL (Prop_IBUFCTRL_HPIOB_M_I_O)
                                                      0.000     0.534 r  pll_50MHz_inst/inst/clkin1_ibufds/IBUFCTRL_INST/O
                         net (fo=1, routed)           0.225     0.759    pll_50MHz_inst/inst/clk_in1_clk_wiz_0
    PLL_X0Y23            PLLE4_ADV (Prop_PLL_CLKIN_CLKOUT0)
                                                     -0.130     0.629 r  pll_50MHz_inst/inst/plle4_adv_inst/CLKOUT0
                         net (fo=1, routed)           0.182     0.811    pll_50MHz_inst/inst/clk_out1_clk_wiz_0
    BUFGCE_X0Y287        BUFGCE (Prop_BUFCE_BUFGCE_I_O)
                                                      0.019     0.830 r  pll_50MHz_inst/inst/clkout1_buf/O
    X5Y8 (CLOCK_ROOT)    net (fo=2802, routed)        1.579     2.409    uart_receiver/clk_out1
    SLICE_X121Y483       FDRE                                         r  uart_receiver/o_uart_rx_data_reg[3]/C

Slack:                    inf
  Source:                 USB_UART_TX
                            (input port)
  Destination:            uart_receiver/o_uart_rx_data_reg[7]/D
                            (rising edge-triggered cell FDRE clocked by clk_out1_clk_wiz_0  {rise@0.000ns fall@10.000ns period=20.000ns})
  Path Group:             (none)
  Path Type:              Hold (Min at Fast Process Corner)
  Data Path Delay:        1.482ns  (logic 0.140ns (9.463%)  route 1.342ns (90.537%))
  Logic Levels:           2  (IBUFCTRL=1 INBUF=1)
  Clock Path Skew:        2.408ns (DCD - SCD - CPR)
    Destination Clock Delay (DCD):    2.408ns
    Source Clock Delay      (SCD):    0.000ns
    Clock Pessimism Removal (CPR):    -0.000ns
  Clock Net Delay (Destination): 1.578ns (routing 0.915ns, distribution 0.663ns)

    Location             Delay type                Incr(ns)  Path(ns)    Netlist Resource(s)
  -------------------------------------------------------------------    -------------------
    A28                                               0.000     0.000 r  USB_UART_TX (IN)
                         net (fo=0)                   0.000     0.000    USB_UART_TX_IBUF_inst/I
    A28                  INBUF (Prop_INBUF_HPIOB_S_PAD_O)
                                                      0.140     0.140 r  USB_UART_TX_IBUF_inst/INBUF_INST/O
                         net (fo=1, routed)           0.000     0.140    USB_UART_TX_IBUF_inst/OUT
    A28                  IBUFCTRL (Prop_IBUFCTRL_HPIOB_S_I_O)
                                                      0.000     0.140 r  USB_UART_TX_IBUF_inst/IBUFCTRL_INST/O
                         net (fo=13, routed)          1.342     1.482    uart_receiver/USB_UART_TX_IBUF
    SLICE_X121Y484       FDRE                                         r  uart_receiver/o_uart_rx_data_reg[7]/D
  -------------------------------------------------------------------    -------------------

                         (clock clk_out1_clk_wiz_0 rise edge)
                                                      0.000     0.000 r  
    G30                                               0.000     0.000 r  USER_SI570_CLOCK_P (IN)
                         net (fo=0)                   0.100     0.100    pll_50MHz_inst/inst/clkin1_ibufds/I
    HPIOBDIFFINBUF_X0Y275
                         DIFFINBUF (Prop_DIFFINBUF_HPIOBDIFFINBUF_DIFF_IN_P_O)
                                                      0.384     0.484 r  pll_50MHz_inst/inst/clkin1_ibufds/DIFFINBUF_INST/O
                         net (fo=1, routed)           0.050     0.534    pll_50MHz_inst/inst/clkin1_ibufds/OUT
    G30                  IBUFCTRL (Prop_IBUFCTRL_HPIOB_M_I_O)
                                                      0.000     0.534 r  pll_50MHz_inst/inst/clkin1_ibufds/IBUFCTRL_INST/O
                         net (fo=1, routed)           0.225     0.759    pll_50MHz_inst/inst/clk_in1_clk_wiz_0
    PLL_X0Y23            PLLE4_ADV (Prop_PLL_CLKIN_CLKOUT0)
                                                     -0.130     0.629 r  pll_50MHz_inst/inst/plle4_adv_inst/CLKOUT0
                         net (fo=1, routed)           0.182     0.811    pll_50MHz_inst/inst/clk_out1_clk_wiz_0
    BUFGCE_X0Y287        BUFGCE (Prop_BUFCE_BUFGCE_I_O)
                                                      0.019     0.830 r  pll_50MHz_inst/inst/clkout1_buf/O
    X5Y8 (CLOCK_ROOT)    net (fo=2802, routed)        1.578     2.408    uart_receiver/clk_out1
    SLICE_X121Y484       FDRE                                         r  uart_receiver/o_uart_rx_data_reg[7]/C

Slack:                    inf
  Source:                 USB_UART_TX
                            (input port)
  Destination:            uart_receiver/o_uart_rx_data_reg[5]/D
                            (rising edge-triggered cell FDRE clocked by clk_out1_clk_wiz_0  {rise@0.000ns fall@10.000ns period=20.000ns})
  Path Group:             (none)
  Path Type:              Hold (Min at Fast Process Corner)
  Data Path Delay:        1.496ns  (logic 0.140ns (9.374%)  route 1.356ns (90.626%))
  Logic Levels:           2  (IBUFCTRL=1 INBUF=1)
  Clock Path Skew:        2.402ns (DCD - SCD - CPR)
    Destination Clock Delay (DCD):    2.402ns
    Source Clock Delay      (SCD):    0.000ns
    Clock Pessimism Removal (CPR):    -0.000ns
  Clock Net Delay (Destination): 1.572ns (routing 0.915ns, distribution 0.657ns)

    Location             Delay type                Incr(ns)  Path(ns)    Netlist Resource(s)
  -------------------------------------------------------------------    -------------------
    A28                                               0.000     0.000 r  USB_UART_TX (IN)
                         net (fo=0)                   0.000     0.000    USB_UART_TX_IBUF_inst/I
    A28                  INBUF (Prop_INBUF_HPIOB_S_PAD_O)
                                                      0.140     0.140 r  USB_UART_TX_IBUF_inst/INBUF_INST/O
                         net (fo=1, routed)           0.000     0.140    USB_UART_TX_IBUF_inst/OUT
    A28                  IBUFCTRL (Prop_IBUFCTRL_HPIOB_S_I_O)
                                                      0.000     0.140 r  USB_UART_TX_IBUF_inst/IBUFCTRL_INST/O
                         net (fo=13, routed)          1.356     1.496    uart_receiver/USB_UART_TX_IBUF
    SLICE_X120Y484       FDRE                                         r  uart_receiver/o_uart_rx_data_reg[5]/D
  -------------------------------------------------------------------    -------------------

                         (clock clk_out1_clk_wiz_0 rise edge)
                                                      0.000     0.000 r  
    G30                                               0.000     0.000 r  USER_SI570_CLOCK_P (IN)
                         net (fo=0)                   0.100     0.100    pll_50MHz_inst/inst/clkin1_ibufds/I
    HPIOBDIFFINBUF_X0Y275
                         DIFFINBUF (Prop_DIFFINBUF_HPIOBDIFFINBUF_DIFF_IN_P_O)
                                                      0.384     0.484 r  pll_50MHz_inst/inst/clkin1_ibufds/DIFFINBUF_INST/O
                         net (fo=1, routed)           0.050     0.534    pll_50MHz_inst/inst/clkin1_ibufds/OUT
    G30                  IBUFCTRL (Prop_IBUFCTRL_HPIOB_M_I_O)
                                                      0.000     0.534 r  pll_50MHz_inst/inst/clkin1_ibufds/IBUFCTRL_INST/O
                         net (fo=1, routed)           0.225     0.759    pll_50MHz_inst/inst/clk_in1_clk_wiz_0
    PLL_X0Y23            PLLE4_ADV (Prop_PLL_CLKIN_CLKOUT0)
                                                     -0.130     0.629 r  pll_50MHz_inst/inst/plle4_adv_inst/CLKOUT0
                         net (fo=1, routed)           0.182     0.811    pll_50MHz_inst/inst/clk_out1_clk_wiz_0
    BUFGCE_X0Y287        BUFGCE (Prop_BUFCE_BUFGCE_I_O)
                                                      0.019     0.830 r  pll_50MHz_inst/inst/clkout1_buf/O
    X5Y8 (CLOCK_ROOT)    net (fo=2802, routed)        1.572     2.402    uart_receiver/clk_out1
    SLICE_X120Y484       FDRE                                         r  uart_receiver/o_uart_rx_data_reg[5]/C

Slack:                    inf
  Source:                 USB_UART_TX
                            (input port)
  Destination:            uart_receiver/o_uart_rx_data_reg[4]/D
                            (rising edge-triggered cell FDRE clocked by clk_out1_clk_wiz_0  {rise@0.000ns fall@10.000ns period=20.000ns})
  Path Group:             (none)
  Path Type:              Hold (Min at Fast Process Corner)
  Data Path Delay:        1.504ns  (logic 0.140ns (9.324%)  route 1.364ns (90.676%))
  Logic Levels:           2  (IBUFCTRL=1 INBUF=1)
  Clock Path Skew:        2.406ns (DCD - SCD - CPR)
    Destination Clock Delay (DCD):    2.406ns
    Source Clock Delay      (SCD):    0.000ns
    Clock Pessimism Removal (CPR):    -0.000ns
  Clock Net Delay (Destination): 1.576ns (routing 0.915ns, distribution 0.661ns)

    Location             Delay type                Incr(ns)  Path(ns)    Netlist Resource(s)
  -------------------------------------------------------------------    -------------------
    A28                                               0.000     0.000 r  USB_UART_TX (IN)
                         net (fo=0)                   0.000     0.000    USB_UART_TX_IBUF_inst/I
    A28                  INBUF (Prop_INBUF_HPIOB_S_PAD_O)
                                                      0.140     0.140 r  USB_UART_TX_IBUF_inst/INBUF_INST/O
                         net (fo=1, routed)           0.000     0.140    USB_UART_TX_IBUF_inst/OUT
    A28                  IBUFCTRL (Prop_IBUFCTRL_HPIOB_S_I_O)
                                                      0.000     0.140 r  USB_UART_TX_IBUF_inst/IBUFCTRL_INST/O
                         net (fo=13, routed)          1.364     1.504    uart_receiver/USB_UART_TX_IBUF
    SLICE_X120Y484       FDRE                                         r  uart_receiver/o_uart_rx_data_reg[4]/D
  -------------------------------------------------------------------    -------------------

                         (clock clk_out1_clk_wiz_0 rise edge)
                                                      0.000     0.000 r  
    G30                                               0.000     0.000 r  USER_SI570_CLOCK_P (IN)
                         net (fo=0)                   0.100     0.100    pll_50MHz_inst/inst/clkin1_ibufds/I
    HPIOBDIFFINBUF_X0Y275
                         DIFFINBUF (Prop_DIFFINBUF_HPIOBDIFFINBUF_DIFF_IN_P_O)
                                                      0.384     0.484 r  pll_50MHz_inst/inst/clkin1_ibufds/DIFFINBUF_INST/O
                         net (fo=1, routed)           0.050     0.534    pll_50MHz_inst/inst/clkin1_ibufds/OUT
    G30                  IBUFCTRL (Prop_IBUFCTRL_HPIOB_M_I_O)
                                                      0.000     0.534 r  pll_50MHz_inst/inst/clkin1_ibufds/IBUFCTRL_INST/O
                         net (fo=1, routed)           0.225     0.759    pll_50MHz_inst/inst/clk_in1_clk_wiz_0
    PLL_X0Y23            PLLE4_ADV (Prop_PLL_CLKIN_CLKOUT0)
                                                     -0.130     0.629 r  pll_50MHz_inst/inst/plle4_adv_inst/CLKOUT0
                         net (fo=1, routed)           0.182     0.811    pll_50MHz_inst/inst/clk_out1_clk_wiz_0
    BUFGCE_X0Y287        BUFGCE (Prop_BUFCE_BUFGCE_I_O)
                                                      0.019     0.830 r  pll_50MHz_inst/inst/clkout1_buf/O
    X5Y8 (CLOCK_ROOT)    net (fo=2802, routed)        1.576     2.406    uart_receiver/clk_out1
    SLICE_X120Y484       FDRE                                         r  uart_receiver/o_uart_rx_data_reg[4]/C

Slack:                    inf
  Source:                 USB_UART_TX
                            (input port)
  Destination:            uart_receiver/o_uart_rx_data_reg[2]/D
                            (rising edge-triggered cell FDRE clocked by clk_out1_clk_wiz_0  {rise@0.000ns fall@10.000ns period=20.000ns})
  Path Group:             (none)
  Path Type:              Hold (Min at Fast Process Corner)
  Data Path Delay:        1.541ns  (logic 0.140ns (9.102%)  route 1.401ns (90.898%))
  Logic Levels:           2  (IBUFCTRL=1 INBUF=1)
  Clock Path Skew:        2.406ns (DCD - SCD - CPR)
    Destination Clock Delay (DCD):    2.406ns
    Source Clock Delay      (SCD):    0.000ns
    Clock Pessimism Removal (CPR):    -0.000ns
  Clock Net Delay (Destination): 1.576ns (routing 0.915ns, distribution 0.661ns)

    Location             Delay type                Incr(ns)  Path(ns)    Netlist Resource(s)
  -------------------------------------------------------------------    -------------------
    A28                                               0.000     0.000 r  USB_UART_TX (IN)
                         net (fo=0)                   0.000     0.000    USB_UART_TX_IBUF_inst/I
    A28                  INBUF (Prop_INBUF_HPIOB_S_PAD_O)
                                                      0.140     0.140 r  USB_UART_TX_IBUF_inst/INBUF_INST/O
                         net (fo=1, routed)           0.000     0.140    USB_UART_TX_IBUF_inst/OUT
    A28                  IBUFCTRL (Prop_IBUFCTRL_HPIOB_S_I_O)
                                                      0.000     0.140 r  USB_UART_TX_IBUF_inst/IBUFCTRL_INST/O
                         net (fo=13, routed)          1.401     1.541    uart_receiver/USB_UART_TX_IBUF
    SLICE_X120Y484       FDRE                                         r  uart_receiver/o_uart_rx_data_reg[2]/D
  -------------------------------------------------------------------    -------------------

                         (clock clk_out1_clk_wiz_0 rise edge)
                                                      0.000     0.000 r  
    G30                                               0.000     0.000 r  USER_SI570_CLOCK_P (IN)
                         net (fo=0)                   0.100     0.100    pll_50MHz_inst/inst/clkin1_ibufds/I
    HPIOBDIFFINBUF_X0Y275
                         DIFFINBUF (Prop_DIFFINBUF_HPIOBDIFFINBUF_DIFF_IN_P_O)
                                                      0.384     0.484 r  pll_50MHz_inst/inst/clkin1_ibufds/DIFFINBUF_INST/O
                         net (fo=1, routed)           0.050     0.534    pll_50MHz_inst/inst/clkin1_ibufds/OUT
    G30                  IBUFCTRL (Prop_IBUFCTRL_HPIOB_M_I_O)
                                                      0.000     0.534 r  pll_50MHz_inst/inst/clkin1_ibufds/IBUFCTRL_INST/O
                         net (fo=1, routed)           0.225     0.759    pll_50MHz_inst/inst/clk_in1_clk_wiz_0
    PLL_X0Y23            PLLE4_ADV (Prop_PLL_CLKIN_CLKOUT0)
                                                     -0.130     0.629 r  pll_50MHz_inst/inst/plle4_adv_inst/CLKOUT0
                         net (fo=1, routed)           0.182     0.811    pll_50MHz_inst/inst/clk_out1_clk_wiz_0
    BUFGCE_X0Y287        BUFGCE (Prop_BUFCE_BUFGCE_I_O)
                                                      0.019     0.830 r  pll_50MHz_inst/inst/clkout1_buf/O
    X5Y8 (CLOCK_ROOT)    net (fo=2802, routed)        1.576     2.406    uart_receiver/clk_out1
    SLICE_X120Y484       FDRE                                         r  uart_receiver/o_uart_rx_data_reg[2]/C

Slack:                    inf
  Source:                 USB_UART_TX
                            (input port)
  Destination:            uart_receiver/o_uart_rx_data_reg[1]/D
                            (rising edge-triggered cell FDRE clocked by clk_out1_clk_wiz_0  {rise@0.000ns fall@10.000ns period=20.000ns})
  Path Group:             (none)
  Path Type:              Hold (Min at Fast Process Corner)
  Data Path Delay:        1.542ns  (logic 0.140ns (9.095%)  route 1.402ns (90.905%))
  Logic Levels:           2  (IBUFCTRL=1 INBUF=1)
  Clock Path Skew:        2.404ns (DCD - SCD - CPR)
    Destination Clock Delay (DCD):    2.404ns
    Source Clock Delay      (SCD):    0.000ns
    Clock Pessimism Removal (CPR):    -0.000ns
  Clock Net Delay (Destination): 1.574ns (routing 0.915ns, distribution 0.659ns)

    Location             Delay type                Incr(ns)  Path(ns)    Netlist Resource(s)
  -------------------------------------------------------------------    -------------------
    A28                                               0.000     0.000 r  USB_UART_TX (IN)
                         net (fo=0)                   0.000     0.000    USB_UART_TX_IBUF_inst/I
    A28                  INBUF (Prop_INBUF_HPIOB_S_PAD_O)
                                                      0.140     0.140 r  USB_UART_TX_IBUF_inst/INBUF_INST/O
                         net (fo=1, routed)           0.000     0.140    USB_UART_TX_IBUF_inst/OUT
    A28                  IBUFCTRL (Prop_IBUFCTRL_HPIOB_S_I_O)
                                                      0.000     0.140 r  USB_UART_TX_IBUF_inst/IBUFCTRL_INST/O
                         net (fo=13, routed)          1.402     1.542    uart_receiver/USB_UART_TX_IBUF
    SLICE_X121Y480       FDRE                                         r  uart_receiver/o_uart_rx_data_reg[1]/D
  -------------------------------------------------------------------    -------------------

                         (clock clk_out1_clk_wiz_0 rise edge)
                                                      0.000     0.000 r  
    G30                                               0.000     0.000 r  USER_SI570_CLOCK_P (IN)
                         net (fo=0)                   0.100     0.100    pll_50MHz_inst/inst/clkin1_ibufds/I
    HPIOBDIFFINBUF_X0Y275
                         DIFFINBUF (Prop_DIFFINBUF_HPIOBDIFFINBUF_DIFF_IN_P_O)
                                                      0.384     0.484 r  pll_50MHz_inst/inst/clkin1_ibufds/DIFFINBUF_INST/O
                         net (fo=1, routed)           0.050     0.534    pll_50MHz_inst/inst/clkin1_ibufds/OUT
    G30                  IBUFCTRL (Prop_IBUFCTRL_HPIOB_M_I_O)
                                                      0.000     0.534 r  pll_50MHz_inst/inst/clkin1_ibufds/IBUFCTRL_INST/O
                         net (fo=1, routed)           0.225     0.759    pll_50MHz_inst/inst/clk_in1_clk_wiz_0
    PLL_X0Y23            PLLE4_ADV (Prop_PLL_CLKIN_CLKOUT0)
                                                     -0.130     0.629 r  pll_50MHz_inst/inst/plle4_adv_inst/CLKOUT0
                         net (fo=1, routed)           0.182     0.811    pll_50MHz_inst/inst/clk_out1_clk_wiz_0
    BUFGCE_X0Y287        BUFGCE (Prop_BUFCE_BUFGCE_I_O)
                                                      0.019     0.830 r  pll_50MHz_inst/inst/clkout1_buf/O
    X5Y8 (CLOCK_ROOT)    net (fo=2802, routed)        1.574     2.404    uart_receiver/clk_out1
    SLICE_X121Y480       FDRE                                         r  uart_receiver/o_uart_rx_data_reg[1]/C

Slack:                    inf
  Source:                 USB_UART_TX
                            (input port)
  Destination:            uart_receiver/o_uart_rx_data_reg[0]/D
                            (rising edge-triggered cell FDRE clocked by clk_out1_clk_wiz_0  {rise@0.000ns fall@10.000ns period=20.000ns})
  Path Group:             (none)
  Path Type:              Hold (Min at Fast Process Corner)
  Data Path Delay:        1.544ns  (logic 0.140ns (9.083%)  route 1.404ns (90.917%))
  Logic Levels:           2  (IBUFCTRL=1 INBUF=1)
  Clock Path Skew:        2.404ns (DCD - SCD - CPR)
    Destination Clock Delay (DCD):    2.404ns
    Source Clock Delay      (SCD):    0.000ns
    Clock Pessimism Removal (CPR):    -0.000ns
  Clock Net Delay (Destination): 1.574ns (routing 0.915ns, distribution 0.659ns)

    Location             Delay type                Incr(ns)  Path(ns)    Netlist Resource(s)
  -------------------------------------------------------------------    -------------------
    A28                                               0.000     0.000 r  USB_UART_TX (IN)
                         net (fo=0)                   0.000     0.000    USB_UART_TX_IBUF_inst/I
    A28                  INBUF (Prop_INBUF_HPIOB_S_PAD_O)
                                                      0.140     0.140 r  USB_UART_TX_IBUF_inst/INBUF_INST/O
                         net (fo=1, routed)           0.000     0.140    USB_UART_TX_IBUF_inst/OUT
    A28                  IBUFCTRL (Prop_IBUFCTRL_HPIOB_S_I_O)
                                                      0.000     0.140 r  USB_UART_TX_IBUF_inst/IBUFCTRL_INST/O
                         net (fo=13, routed)          1.404     1.544    uart_receiver/USB_UART_TX_IBUF
    SLICE_X121Y480       FDRE                                         r  uart_receiver/o_uart_rx_data_reg[0]/D
  -------------------------------------------------------------------    -------------------

                         (clock clk_out1_clk_wiz_0 rise edge)
                                                      0.000     0.000 r  
    G30                                               0.000     0.000 r  USER_SI570_CLOCK_P (IN)
                         net (fo=0)                   0.100     0.100    pll_50MHz_inst/inst/clkin1_ibufds/I
    HPIOBDIFFINBUF_X0Y275
                         DIFFINBUF (Prop_DIFFINBUF_HPIOBDIFFINBUF_DIFF_IN_P_O)
                                                      0.384     0.484 r  pll_50MHz_inst/inst/clkin1_ibufds/DIFFINBUF_INST/O
                         net (fo=1, routed)           0.050     0.534    pll_50MHz_inst/inst/clkin1_ibufds/OUT
    G30                  IBUFCTRL (Prop_IBUFCTRL_HPIOB_M_I_O)
                                                      0.000     0.534 r  pll_50MHz_inst/inst/clkin1_ibufds/IBUFCTRL_INST/O
                         net (fo=1, routed)           0.225     0.759    pll_50MHz_inst/inst/clk_in1_clk_wiz_0
    PLL_X0Y23            PLLE4_ADV (Prop_PLL_CLKIN_CLKOUT0)
                                                     -0.130     0.629 r  pll_50MHz_inst/inst/plle4_adv_inst/CLKOUT0
                         net (fo=1, routed)           0.182     0.811    pll_50MHz_inst/inst/clk_out1_clk_wiz_0
    BUFGCE_X0Y287        BUFGCE (Prop_BUFCE_BUFGCE_I_O)
                                                      0.019     0.830 r  pll_50MHz_inst/inst/clkout1_buf/O
    X5Y8 (CLOCK_ROOT)    net (fo=2802, routed)        1.574     2.404    uart_receiver/clk_out1
    SLICE_X121Y480       FDRE                                         r  uart_receiver/o_uart_rx_data_reg[0]/C

Slack:                    inf
  Source:                 USB_UART_TX
                            (input port)
  Destination:            uart_receiver/o_uart_rx_data_reg[6]/D
                            (rising edge-triggered cell FDRE clocked by clk_out1_clk_wiz_0  {rise@0.000ns fall@10.000ns period=20.000ns})
  Path Group:             (none)
  Path Type:              Hold (Min at Fast Process Corner)
  Data Path Delay:        1.547ns  (logic 0.140ns (9.067%)  route 1.407ns (90.933%))
  Logic Levels:           2  (IBUFCTRL=1 INBUF=1)
  Clock Path Skew:        2.402ns (DCD - SCD - CPR)
    Destination Clock Delay (DCD):    2.402ns
    Source Clock Delay      (SCD):    0.000ns
    Clock Pessimism Removal (CPR):    -0.000ns
  Clock Net Delay (Destination): 1.572ns (routing 0.915ns, distribution 0.657ns)

    Location             Delay type                Incr(ns)  Path(ns)    Netlist Resource(s)
  -------------------------------------------------------------------    -------------------
    A28                                               0.000     0.000 r  USB_UART_TX (IN)
                         net (fo=0)                   0.000     0.000    USB_UART_TX_IBUF_inst/I
    A28                  INBUF (Prop_INBUF_HPIOB_S_PAD_O)
                                                      0.140     0.140 r  USB_UART_TX_IBUF_inst/INBUF_INST/O
                         net (fo=1, routed)           0.000     0.140    USB_UART_TX_IBUF_inst/OUT
    A28                  IBUFCTRL (Prop_IBUFCTRL_HPIOB_S_I_O)
                                                      0.000     0.140 r  USB_UART_TX_IBUF_inst/IBUFCTRL_INST/O
                         net (fo=13, routed)          1.407     1.547    uart_receiver/USB_UART_TX_IBUF
    SLICE_X120Y484       FDRE                                         r  uart_receiver/o_uart_rx_data_reg[6]/D
  -------------------------------------------------------------------    -------------------

                         (clock clk_out1_clk_wiz_0 rise edge)
                                                      0.000     0.000 r  
    G30                                               0.000     0.000 r  USER_SI570_CLOCK_P (IN)
                         net (fo=0)                   0.100     0.100    pll_50MHz_inst/inst/clkin1_ibufds/I
    HPIOBDIFFINBUF_X0Y275
                         DIFFINBUF (Prop_DIFFINBUF_HPIOBDIFFINBUF_DIFF_IN_P_O)
                                                      0.384     0.484 r  pll_50MHz_inst/inst/clkin1_ibufds/DIFFINBUF_INST/O
                         net (fo=1, routed)           0.050     0.534    pll_50MHz_inst/inst/clkin1_ibufds/OUT
    G30                  IBUFCTRL (Prop_IBUFCTRL_HPIOB_M_I_O)
                                                      0.000     0.534 r  pll_50MHz_inst/inst/clkin1_ibufds/IBUFCTRL_INST/O
                         net (fo=1, routed)           0.225     0.759    pll_50MHz_inst/inst/clk_in1_clk_wiz_0
    PLL_X0Y23            PLLE4_ADV (Prop_PLL_CLKIN_CLKOUT0)
                                                     -0.130     0.629 r  pll_50MHz_inst/inst/plle4_adv_inst/CLKOUT0
                         net (fo=1, routed)           0.182     0.811    pll_50MHz_inst/inst/clk_out1_clk_wiz_0
    BUFGCE_X0Y287        BUFGCE (Prop_BUFCE_BUFGCE_I_O)
                                                      0.019     0.830 r  pll_50MHz_inst/inst/clkout1_buf/O
    X5Y8 (CLOCK_ROOT)    net (fo=2802, routed)        1.572     2.402    uart_receiver/clk_out1
    SLICE_X120Y484       FDRE                                         r  uart_receiver/o_uart_rx_data_reg[6]/C

Slack:                    inf
  Source:                 USB_UART_TX
                            (input port)
  Destination:            uart_receiver/o_uart_rx_dv_reg/D
                            (rising edge-triggered cell FDRE clocked by clk_out1_clk_wiz_0  {rise@0.000ns fall@10.000ns period=20.000ns})
  Path Group:             (none)
  Path Type:              Hold (Min at Fast Process Corner)
  Data Path Delay:        1.579ns  (logic 0.200ns (12.685%)  route 1.378ns (87.315%))
  Logic Levels:           3  (IBUFCTRL=1 INBUF=1 LUT6=1)
  Clock Path Skew:        2.409ns (DCD - SCD - CPR)
    Destination Clock Delay (DCD):    2.409ns
    Source Clock Delay      (SCD):    0.000ns
    Clock Pessimism Removal (CPR):    -0.000ns
  Clock Net Delay (Destination): 1.579ns (routing 0.915ns, distribution 0.664ns)

    Location             Delay type                Incr(ns)  Path(ns)    Netlist Resource(s)
  -------------------------------------------------------------------    -------------------
    A28                                               0.000     0.000 r  USB_UART_TX (IN)
                         net (fo=0)                   0.000     0.000    USB_UART_TX_IBUF_inst/I
    A28                  INBUF (Prop_INBUF_HPIOB_S_PAD_O)
                                                      0.140     0.140 r  USB_UART_TX_IBUF_inst/INBUF_INST/O
                         net (fo=1, routed)           0.000     0.140    USB_UART_TX_IBUF_inst/OUT
    A28                  IBUFCTRL (Prop_IBUFCTRL_HPIOB_S_I_O)
                                                      0.000     0.140 r  USB_UART_TX_IBUF_inst/IBUFCTRL_INST/O
                         net (fo=13, routed)          1.357     1.498    uart_receiver/USB_UART_TX_IBUF
    SLICE_X121Y483       LUT6 (Prop_B6LUT_SLICEM_I1_O)
                                                      0.060     1.558 r  uart_receiver/o_uart_rx_dv_i_1/O
                         net (fo=1, routed)           0.021     1.579    uart_receiver/o_uart_rx_dv_i_1_n_0
    SLICE_X121Y483       FDRE                                         r  uart_receiver/o_uart_rx_dv_reg/D
  -------------------------------------------------------------------    -------------------

                         (clock clk_out1_clk_wiz_0 rise edge)
                                                      0.000     0.000 r  
    G30                                               0.000     0.000 r  USER_SI570_CLOCK_P (IN)
                         net (fo=0)                   0.100     0.100    pll_50MHz_inst/inst/clkin1_ibufds/I
    HPIOBDIFFINBUF_X0Y275
                         DIFFINBUF (Prop_DIFFINBUF_HPIOBDIFFINBUF_DIFF_IN_P_O)
                                                      0.384     0.484 r  pll_50MHz_inst/inst/clkin1_ibufds/DIFFINBUF_INST/O
                         net (fo=1, routed)           0.050     0.534    pll_50MHz_inst/inst/clkin1_ibufds/OUT
    G30                  IBUFCTRL (Prop_IBUFCTRL_HPIOB_M_I_O)
                                                      0.000     0.534 r  pll_50MHz_inst/inst/clkin1_ibufds/IBUFCTRL_INST/O
                         net (fo=1, routed)           0.225     0.759    pll_50MHz_inst/inst/clk_in1_clk_wiz_0
    PLL_X0Y23            PLLE4_ADV (Prop_PLL_CLKIN_CLKOUT0)
                                                     -0.130     0.629 r  pll_50MHz_inst/inst/plle4_adv_inst/CLKOUT0
                         net (fo=1, routed)           0.182     0.811    pll_50MHz_inst/inst/clk_out1_clk_wiz_0
    BUFGCE_X0Y287        BUFGCE (Prop_BUFCE_BUFGCE_I_O)
                                                      0.019     0.830 r  pll_50MHz_inst/inst/clkout1_buf/O
    X5Y8 (CLOCK_ROOT)    net (fo=2802, routed)        1.579     2.409    uart_receiver/clk_out1
    SLICE_X121Y483       FDRE                                         r  uart_receiver/o_uart_rx_dv_reg/C

Slack:                    inf
  Source:                 USB_UART_TX
                            (input port)
  Destination:            uart_receiver/FSM_sequential_r_state_reg[0]/CE
                            (rising edge-triggered cell FDRE clocked by clk_out1_clk_wiz_0  {rise@0.000ns fall@10.000ns period=20.000ns})
  Path Group:             (none)
  Path Type:              Hold (Min at Fast Process Corner)
  Data Path Delay:        1.588ns  (logic 0.180ns (11.348%)  route 1.408ns (88.652%))
  Logic Levels:           3  (IBUFCTRL=1 INBUF=1 LUT5=1)
  Clock Path Skew:        2.409ns (DCD - SCD - CPR)
    Destination Clock Delay (DCD):    2.409ns
    Source Clock Delay      (SCD):    0.000ns
    Clock Pessimism Removal (CPR):    -0.000ns
  Clock Net Delay (Destination): 1.579ns (routing 0.915ns, distribution 0.664ns)

    Location             Delay type                Incr(ns)  Path(ns)    Netlist Resource(s)
  -------------------------------------------------------------------    -------------------
    A28                                               0.000     0.000 f  USB_UART_TX (IN)
                         net (fo=0)                   0.000     0.000    USB_UART_TX_IBUF_inst/I
    A28                  INBUF (Prop_INBUF_HPIOB_S_PAD_O)
                                                      0.140     0.140 f  USB_UART_TX_IBUF_inst/INBUF_INST/O
                         net (fo=1, routed)           0.000     0.140    USB_UART_TX_IBUF_inst/OUT
    A28                  IBUFCTRL (Prop_IBUFCTRL_HPIOB_S_I_O)
                                                      0.000     0.140 f  USB_UART_TX_IBUF_inst/IBUFCTRL_INST/O
                         net (fo=13, routed)          1.349     1.489    uart_receiver/USB_UART_TX_IBUF
    SLICE_X121Y484       LUT5 (Prop_E6LUT_SLICEM_I2_O)
                                                      0.040     1.529 r  uart_receiver/FSM_sequential_r_state[1]_i_1/O
                         net (fo=2, routed)           0.059     1.588    uart_receiver/FSM_sequential_r_state[1]_i_1_n_0
    SLICE_X121Y484       FDRE                                         r  uart_receiver/FSM_sequential_r_state_reg[0]/CE
  -------------------------------------------------------------------    -------------------

                         (clock clk_out1_clk_wiz_0 rise edge)
                                                      0.000     0.000 r  
    G30                                               0.000     0.000 r  USER_SI570_CLOCK_P (IN)
                         net (fo=0)                   0.100     0.100    pll_50MHz_inst/inst/clkin1_ibufds/I
    HPIOBDIFFINBUF_X0Y275
                         DIFFINBUF (Prop_DIFFINBUF_HPIOBDIFFINBUF_DIFF_IN_P_O)
                                                      0.384     0.484 r  pll_50MHz_inst/inst/clkin1_ibufds/DIFFINBUF_INST/O
                         net (fo=1, routed)           0.050     0.534    pll_50MHz_inst/inst/clkin1_ibufds/OUT
    G30                  IBUFCTRL (Prop_IBUFCTRL_HPIOB_M_I_O)
                                                      0.000     0.534 r  pll_50MHz_inst/inst/clkin1_ibufds/IBUFCTRL_INST/O
                         net (fo=1, routed)           0.225     0.759    pll_50MHz_inst/inst/clk_in1_clk_wiz_0
    PLL_X0Y23            PLLE4_ADV (Prop_PLL_CLKIN_CLKOUT0)
                                                     -0.130     0.629 r  pll_50MHz_inst/inst/plle4_adv_inst/CLKOUT0
                         net (fo=1, routed)           0.182     0.811    pll_50MHz_inst/inst/clk_out1_clk_wiz_0
    BUFGCE_X0Y287        BUFGCE (Prop_BUFCE_BUFGCE_I_O)
                                                      0.019     0.830 r  pll_50MHz_inst/inst/clkout1_buf/O
    X5Y8 (CLOCK_ROOT)    net (fo=2802, routed)        1.579     2.409    uart_receiver/clk_out1
    SLICE_X121Y484       FDRE                                         r  uart_receiver/FSM_sequential_r_state_reg[0]/C





